zuid,url,body,contact_name,contact_number,county,division,email,form_embed,gdos_id,image,name,og_image,properties_types,service_image,service_type,state,territory
7-dcaae8e2f3-sdjvqs,/mn/morris/service-extension-central-mn-area-manager/,,,,,7-8ab1b9b3f3-tdc5n3,,,402818763d5b8722013d5ba83052071a,,Service Extension Central MN Area Manager,,7-f691a0a1b9-fh97j0,,"7-ecf48acfe1-c1qjwx,7-c0a3f2d8bf-lz3kps,7-ec8190fbe2-z5sf08",7-c2dfc2ca99-j6br8h,7-ec8a80fdbe-46hzww
7-e0d1dad6a9-nfcpcx,/in/oxford/benton-county-service-extension/,,,,Benton,7-e4a1c59bd4-02km0q,,,402818763d5b8722013d5b9a14fe049e,,Benton County Service Extension ,,7-88e8a8c4ce-mjl8hp,,,7-f0d4b4e1bc-b7wkz8,7-ec8a80fdbe-46hzww
7-d2c0b1d8fc-dc1dxx,/usa-central-territory/midland/rent-and-utilities-assistance/,"<h4>St. Louis City&nbsp;Rent &amp; Utilities Assistance</h4>
<p><span>The Salvation Army is currently assisting families in St. Louis City&nbsp;with the following services: Rental Assistance, and Utility Assistance.&nbsp;</span></p>
<p><span></span></p>
<p><span><strong>***NOTE:&nbsp;</strong>We are currently reviewing and processing the assistance request forms submitted by applicants. Visit the <strong><a data-cke-saved-href=""http://(https://centralusa.salvationarmy.org/midland/contact-us/"" href=""http://(https//centralusa.salvationarmy.org/midland/contact-us/"" target=""_blank"" rel=""noopener"">Contact Us</a></strong> page on our website for more information about other services and assistance provided by The Salvation Army.</span></p>
<p><span>If you reside in St. Louis County, St. Louis City, or Jefferson County, please click below to fill out the rent, utilities, childcare support, and transportation assistance request form:</span></p>
<h4>Assistance Qualifications</h4>
<p><span>To qualify for <strong>rent and utilities assistance</strong>, residences and homes must be in the areas highlighted in the map&nbsp;below, that are within St. Louis City&nbsp;boundaries.&nbsp;</span></p>
<p><span>Applicants, must meet the following initial&nbsp;eligibility criteria:</span></p>
<ul>
<li><span>Must be a St. Louis city resident</span></li>
<li><span>Must be responsible for paying the bills for the&nbsp;home (rent, and utilities)</span></li>
<li><span>Income must meet or be below St. Louis, MO-IL HUD Metro Limits (<a data-cke-saved-href=""chrome-extension://efaidnbmnnnibpcajpcglclefindmkaj/https://www.huduser.gov/portal/datasets/home-datasets/files/HOME_IncomeLmts_State_MO_2023.pdf"" href=""chrome-extension://efaidnbmnnnibpcajpcglclefindmkaj/https://www.huduser.gov/portal/datasets/home-datasets/files/HOME_IncomeLmts_State_MO_2023.pdf"" target=""_blank"" rel=""noopener"">Income Requirements</a>)</span></li>
<li><span>Rent must fall within the FY 2024 St. Louis, MO-IL HUD Metro Fair Market Rent Scale (<a data-cke-saved-href=""https://s3.amazonaws.com/usc-cache.salvationarmy.org/d7052578-71bc-4b9e-93b5-3a179d6ebd77_HUD+FMR+2024+STL.pdf"" href=""https://s3.amazonaws.com/usc-cache.salvationarmy.org/d7052578-71bc-4b9e-93b5-3a179d6ebd77_HUD+FMR+2024+STL.pdf"">Rent Requirements</a>)</span></li>
</ul>
<h4>Qualified Zip Codes</h4>
<p><span>The apartment or home must be in</span><span>&nbsp;the&nbsp;St. Louis City.&nbsp;&nbsp;Some zip codes&nbsp;are St. Louis County zip codes, but sections of them fall within St. Louis City boundaries, making them eligible for this&nbsp;<b>rent&nbsp;and utilities assistance</b>:</span></p>
<table border=""1"" style=""border-collapse: collapse; width: 100%; border: 1px none rgb(255, 255, 255);""><colgroup><col style=""width: 33.2907%;""><col style=""width: 33.2907%;""><col style=""width: 33.2907%;""></colgroup>
<tbody>
<tr>
<td style=""border-color: rgb(255, 255, 255);"">
<ul>
<li><span>63101</span></li>
<li><span>63111</span></li>
<li><span>63102</span></li>
<li><span>63112</span></li>
<li><span>63103</span></li>
<li><span>63113</span></li>
<li><span>63104</span></li>
<li><span>63115</span></li>
<li><span>63106</span></li>
<li><span>63116</span></li>
<li><span>63107</span></li>
<li><span>63118</span></li>
<li><span>63108</span></li>
<li><span>63139</span></li>
<li><span>63109</span></li>
<li><span>63147</span></li>
</ul>
</td>
<td style=""border-color: rgb(255, 255, 255);"">
<ul>
<li><span>63110</span></li>
<li><span>63105</span></li>
<li><span>63130</span></li>
<li><span>63117</span></li>
<li><span>63133</span></li>
<li><span>63119</span></li>
<li><span>63136</span></li>
<li><span>63120</span></li>
<li><span>63137</span></li>
<li><span>63123</span></li>
<li><span>63138</span></li>
<li><span>63125</span></li>
<li><span>63143</span></li>
</ul>
</td>
<td style=""border-color: rgb(255, 255, 255);""><img src=""https://s3.amazonaws.com/usc-cache.salvationarmy.org/7a352023-15bd-465c-8581-6d11d5160f8f_TSA+STL_Spring+2024_Rent+%26+Utilities+Assistance+Zip+Codes.png""></td>
</tr>
</tbody>
</table>
<p></p>
<p><span><strong>Need immediate assistance during evenings or weekends? Please contact United Way's First Call for Help by dialing 211 or visiting <a data-cke-saved-href=""https://www.211.org/"" href=""https://www.211.org/"" target=""_blank"" rel=""noopener"">www.211.org.</a></strong></span></p>",,,,7-b6bb9e9de9-6095fb,,,,3-142d0fa6-1pnbt8,Rent And Utilities Assistance ,,,3-142d0fa6-1pnbt8,7-c0a3f2d8bf-lz3kps,,
7-a6baefaacc-lbndkw,/tx/stamford/jones-and-haskell-counties-tx-service-unit/,"<p>&nbsp; &nbsp;&nbsp;<br>1205 Elizabeth St,<br>Stamford,<br>Texas,<br>79553</p>",,+1 (325)370-3549,"haskell, jones",7-8cb2cdb7d3-v7g7zn,texregion4svcext@uss.salvationarmy.org,,8a8282238d745250018d7b96c01b003c,3-12db7bd6-g9k911,Jones and Haskell Counties TX (Stamford) Service Unit,,7-949bf3969a-8sq3w8,3-12db7bd6-g9k911,,7-f4c3d4c9fc-rzcklp,7-b4aeafb8dd-033tjr
7-d69bfdad99-0gvmxx,/test-service-extension-for-usc/,<p>Here is some helpful text discussing more about what this service extension does and who it serves.&nbsp;</p>,Joe Blow,123-456-7890,,,joeblow@thisemail.com,<p>A form goes here</p>,,https://dam.redshieldtoolkit.org/m/45829ec145d85ef6/original/Cascade-EDS-Photos.JPG,Test service extension for USC,,,https://dam.redshieldtoolkit.org/m/7bafff06cfa7f229/original/Volunteer-Serving-Food.jpg,"7-c0a3f2d8bf-lz3kps,7-f08698fe87-3brfzr,7-d492d7a594-470v8g",,7-ec8a80fdbe-46hzww
7-a890aab6f0-20nqjf,/ia/rockwell-city/rockwell-city-ia-service-extension/,,,,,7-f29a8adafd-bgvqz8,,,402818763d5b8722013d5bb51e9f09a2,,"Rockwell City, IA: Service Extension",,7-88e8a8c4ce-mjl8hp,,,7-ecabd4c29d-n0vd16,7-ec8a80fdbe-46hzww
7-eccfeca7c2-1vgfxl,/fl/panama-city/panama-city-domestic-violence/,,,,,7-d4ecfdb8aa-ggn7w9,,,8a83ffcd8fca4ef20190592ff7ef0064,,Panama City Domestic Violence,,7-bca9f585ea-4vkfpf,,,7-a8989ee7fe-vmd865,7-b4aeafb8dd-033tjr
7-9cca96d5b8-dxl30m,/fl/cocoa/north-central-brevard-county-fl-domestic-violence-center/,,,,,7-d4ecfdb8aa-ggn7w9,,,8a8282238d745250018d7bcc88590078,,North Central Brevard County FL Domestic Violence Center,,7-bca9f585ea-4vkfpf,,,7-a8989ee7fe-vmd865,7-b4aeafb8dd-033tjr
7-dae8dbefae-z0chsk,/va/roanoke/roanoke-shelterbattered-women/,,,,,7-f0f9b5c4ec-xb359v,,,8a82818e8d73bcf9018d7b9737810050,,Roanoke Shelter/Battered Women,,7-bca9f585ea-4vkfpf,,,7-80b1caa291-4wnwbh,7-b4aeafb8dd-033tjr
7-b0cf8198a5-cc5fjc,/ga/warner-robins/warner-robins-spouse-abuse-safe-house/,,,,,7-d4ebbcf3b4-lwqwp2,,,8a82818e8d73bcf9018d7b96e4f1003f,,Warner Robins Spouse Abuse Safe House,,7-bca9f585ea-4vkfpf,,,7-c8dfa1fe88-n3rcjd,7-b4aeafb8dd-033tjr
7-b6f3a6d79b-35nc1j,/fl/hudson/west-pasco-domestic-violence-shelter/,,,,,7-d4ecfdb8aa-ggn7w9,,,8a8280b58d7316e6018d7bcc81bd0090,,West Pasco Domestic Violence Shelter,,7-bca9f585ea-4vkfpf,,,7-a8989ee7fe-vmd865,7-b4aeafb8dd-033tjr
7-a6e4a6f58a-q7vr5x,/fl/chipley/chipley-domestic-violence-center/,,,,,7-d4ecfdb8aa-ggn7w9,,,8a8280448d73b80d018d7bcc85090081,,Chipley Domestic Violence Center,,7-bca9f585ea-4vkfpf,,,7-a8989ee7fe-vmd865,7-b4aeafb8dd-033tjr
7-a49b8fcef8-bdr46m,/tn/knoxville/joy-baker-center/,,,,,7-dac2a589bf-2klwh6,,,2c9f7899958a51db019599456aed0000,,Joy Baker Center,,7-bca9f585ea-4vkfpf,,,7-cec5e183f2-nxqt7m,7-b4aeafb8dd-033tjr
7-a6c6d9dc87-b2b033,/ga/doraville/haven-atlanta/,,,,"fulton, cobb, gwinnett, dekalb,",7-d4ebbcf3b4-lwqwp2,,,8a82818e8d73bcf9018d7b97881c005f,,Haven Atlanta,,7-f691eab491-c70tfg,,7-beaf9889da-crq1nq,7-c8dfa1fe88-n3rcjd,7-b4aeafb8dd-033tjr
7-ae97f394ad-s6csd7,/va/accomac/accomack-county-va-service-unit/,,,,Accomack,7-f0f9b5c4ec-xb359v,,,8a83ffcd8fca4ef201903a49721b0016,,Accomack County VA (Accomac) Service Unit,,7-949bf3969a-8sq3w8,,,7-80b1caa291-4wnwbh,7-b4aeafb8dd-033tjr
7-e8caacd398-jdnbp0,/ga/dalton/dalton-transitional-housing/,,,,,7-d4ebbcf3b4-lwqwp2,,,8a8282377e720e88017e809d8f27008c,,Dalton Transitional Housing,,7-909ec082f9-mqzb0g,,,7-c8dfa1fe88-n3rcjd,7-b4aeafb8dd-033tjr
7-8cc0d5998d-fft6wf,/fl/st-petersburg/st-petersburg-childrens-village/,,,,,7-d4ecfdb8aa-ggn7w9,,,8a82804d77cf72c60178411b20dd0914,,St Petersburg Children's Village (Child Placement Agency),,7-e2e7f09dab-tz0cg9,,,7-a8989ee7fe-vmd865,7-b4aeafb8dd-033tjr
7-caa9f38fe8-wxndz2,/nd/bismarck/service-extension-western-nd-area-manager/,,,,,7-8ab1b9b3f3-tdc5n3,,,402818763d5b8722013d5ba7f05b0711,,Service Extension Western ND Area Manager,,7-f691a0a1b9-fh97j0,,,7-f6e0d8b2cc-z6lnsp,7-ec8a80fdbe-46hzww
7-a6b2b2d1dc-r4m8f1,/nd/grand-forks/service-extension-eastern-nd-area-manager/,,,,,7-8ab1b9b3f3-tdc5n3,,,402818763d5b8722013d5ba7c4590708,,Service Extension Eastern ND Area Manager,,7-f691a0a1b9-fh97j0,,,7-f6e0d8b2cc-z6lnsp,7-ec8a80fdbe-46hzww
7-bafca1f7a1-drphpf,/ca/sonora/sonora-ca-sonora-service-center/,,,,,7-e684fda6fc-0l6z8j,,,8aa4c2194e6dc84d014f0535b4600302,,"Sonora, CA: Sonora Service Center",,7-82e8f193a5-ptmsp7,,,7-f4f1f49eba-k0fhfl,7-dcb3daeee7-3l9t49
7-f2b0f98afe-8d0mqw,/ok/oklahoma-city/oklahoma-city-senior-citizens-program/,,,,,7-f4cfbc98a0-bhnrr5,,,8a82804d77cf72c60178413552090a9d,,Oklahoma City Senior Citizens Program,,7-f691eab491-c70tfg,,,7-e29db4a9a9-12b6sn,7-b4aeafb8dd-033tjr
7-9e9092c4f4-2gbkr3,/md/baltimore/baltimore-catherines-cottage/,,,,,7-f0f9b5c4ec-xb359v,,,8a8280448d73b80d018d7b97a0590067,,Baltimore Catherine's Cottage,,7-f691eab491-c70tfg,,,7-a4bcb59bfa-lrdl4p,7-b4aeafb8dd-033tjr
7-de85c3daea-4f0ls5,/pa/somerset/somerset-service-center/,,,,,7-ac89f1d9f7-q6bwl8,,,402818763d5b8722013d5b8e8dc201c8,,SOMERSET SERVICE CENTER,,7-82e8f193a5-ptmsp7,,,7-9cdcbfd8bd-qd682n,7-ae82da90c9-zjnfr3
7-d6d4f7c5b0-q8gsbx,/va/norfolk/hampton-roads-hope-village/,,,,,7-f0f9b5c4ec-xb359v,,,8a83826390da9d540190e96292280003,,Hampton Roads Hope Village,,7-f8c2eaf782-8f9wh8,,,7-80b1caa291-4wnwbh,7-b4aeafb8dd-033tjr
7-9e94e1e7a4-33q5mp,/tx/houston/houston-center-of-hope/,,,,,7-8cb2cdb7d3-v7g7zn,,,8a8282238d745250018d7b96faca0047,,Houston Center of Hope,,7-f8c2eaf782-8f9wh8,,,7-f4c3d4c9fc-rzcklp,7-b4aeafb8dd-033tjr
7-b8a5ef9399-fhm80b,/ga/atlanta/atlanta-red-shield-harbor-light-corps/,,,,,7-d4ebbcf3b4-lwqwp2,,,8a82818e8c7191fb018c71931b370000,,Atlanta Red Shield Harbor Light Corps,,7-f4db9ae2fc-p0cghb,,,7-c8dfa1fe88-n3rcjd,7-b4aeafb8dd-033tjr
7-dcfc889188-6l423p,/fl/st-petersburg/st-petersburg-sallie-house-and-children-shelter/,,,,,7-d4ecfdb8aa-ggn7w9,,,8a82804d77cf72c601784143edd60b72,,St Petersburg Sallie House and Children Shelter,,7-f8c2eaf782-8f9wh8,,,7-a8989ee7fe-vmd865,7-b4aeafb8dd-033tjr
7-d6a8f1b2fe-xrlcfl,/tx/waco/waco-sallys-house/,,,,,7-8cb2cdb7d3-v7g7zn,,,8a80802868dd92230168ddabddc60000,,Waco Sally's House,,7-f8c2eaf782-8f9wh8,,,7-f4c3d4c9fc-rzcklp,7-b4aeafb8dd-033tjr
7-cac39adbf4-4zk15d,/tx/austin/austin-shelter-for-women-and-children/,,,,,7-8cb2cdb7d3-v7g7zn,,,8a5691484909ce0d014a728897e30079,,Austin Shelter for Women and Children,,7-f8c2eaf782-8f9wh8,,,7-f4c3d4c9fc-rzcklp,7-b4aeafb8dd-033tjr
7-d6c0ac8aeb-r7bmc6,/tx/dallas/carr-p-collins-harbor-light-corps/,,,,,7-8cb2cdb7d3-v7g7zn,,,402818763d5b8722013d5cd9e6942055,,Carr P Collins Harbor Light Corps,,7-f4db9ae2fc-p0cghb,,,7-f4c3d4c9fc-rzcklp,7-b4aeafb8dd-033tjr
7-d2e28fc1d3-66x5lh,/ga/thomasville/thomasville-needham-shelter/,,,,,7-d4ebbcf3b4-lwqwp2,,,2c9f5379958a5246019599456de90000,,Thomasville Needham Shelter,,7-f8c2eaf782-8f9wh8,,,7-c8dfa1fe88-n3rcjd,7-b4aeafb8dd-033tjr
7-86e7e18ff0-5072t8,/tx/eldorado/schieicher-county-tx-service-unit/,,,,,7-8cb2cdb7d3-v7g7zn,,,8a83ffcd8fca4ef20190527c55270061,,Schieicher County TX (Eldorado) Service Unit,,7-949bf3969a-8sq3w8,,,7-f4c3d4c9fc-rzcklp,7-b4aeafb8dd-033tjr
7-da9195e0df-khzdgk,/tx/mccamey/upton-county-tx-service-unit/,,,,,7-8cb2cdb7d3-v7g7zn,,,8a83ffcd8fca4ef20190527c4dd1005e,,Upton County TX (McCamey) Service Unit,,7-949bf3969a-8sq3w8,,,7-f4c3d4c9fc-rzcklp,7-b4aeafb8dd-033tjr
7-bed693a9ce-bwd9fk,/va/lebanon/russell-county-va-service-unit/,,,,,7-f0f9b5c4ec-xb359v,,,8a83ffcd8fca4ef201903dd20378004f,,Russell County VA (Lebanon) Service Unit,,7-949bf3969a-8sq3w8,,,7-80b1caa291-4wnwbh,7-b4aeafb8dd-033tjr
7-dcb8e092be-fl5mk2,/wv/petersburg/grant-county-wv-service-unit/,,,,,7-f0f9b5c4ec-xb359v,,,8a83ffcd8fca4ef201903dd20009004c,,Grant County WV (Petersburg) Service Unit,,7-949bf3969a-8sq3w8,,,7-eea5bb82c5-lpdxzb,7-b4aeafb8dd-033tjr
7-88c4bcc1ad-j0d8g1,/va/wytheville/wythe-county-va-service-unit/,,,,,7-f0f9b5c4ec-xb359v,,,8a83ffcd8fca4ef201903dd1f8eb0049,,Wythe County VA (Wytheville) Service Unit,,7-949bf3969a-8sq3w8,,,7-80b1caa291-4wnwbh,7-b4aeafb8dd-033tjr
7-8add93b29a-lw8q9n,/va/shenandoah/shenandoah-and-page-counties-va-service-unit/,,,,,7-f0f9b5c4ec-xb359v,,,8a83ffcd8fca4ef201903dd1f1940046,,Shenandoah and Page Counties VA (Shenandoah) Service Unit,,7-949bf3969a-8sq3w8,,,7-80b1caa291-4wnwbh,7-b4aeafb8dd-033tjr
7-c6e0c59589-8ppx3j,/va/surry/surry-county-va-service-unit/,,,,,7-f0f9b5c4ec-xb359v,,,8a83ffcd8fca4ef201903dd1eade0043,,Surry County VA (Surry) Service Unit,,7-949bf3969a-8sq3w8,,,7-80b1caa291-4wnwbh,7-b4aeafb8dd-033tjr
7-e68ed3cdf8-v8qfs1,/va/hopewell/hopewell-city-va-service-unit/,,,,,7-f0f9b5c4ec-xb359v,,,8a83ffcd8fca4ef201903dd1e4400040,,Hopewell City VA (Hopewell) Service Unit,,7-949bf3969a-8sq3w8,,,7-80b1caa291-4wnwbh,7-b4aeafb8dd-033tjr
7-ccdcd5f3e7-lb4vwl,/va/montross/westmoreland-county-va-service-unit/,,,,,7-f0f9b5c4ec-xb359v,,,8a83ffcd8fca4ef201903dd1dd37003d,,Westmoreland County VA (Montross) Service Unit,,7-949bf3969a-8sq3w8,,,7-80b1caa291-4wnwbh,7-b4aeafb8dd-033tjr
7-8eadc2b4d7-1mbrn0,/wv/parsons/tucker-county-wv-service-unit/,,,,,7-f0f9b5c4ec-xb359v,,,8a83ffcd8fca4ef201903dd1d9e8003a,,Tucker County WV (Parsons) Service Unit,,7-949bf3969a-8sq3w8,,,7-eea5bb82c5-lpdxzb,7-b4aeafb8dd-033tjr
7-d0969d82c7-h2bwxz,/va/victoria/lunenburg-county-va-service-unit/,,,,,7-f0f9b5c4ec-xb359v,,,8a83ffcd8fca4ef201903dd1d75f0037,,Lunenburg County VA (Victoria) Service Unit,,7-949bf3969a-8sq3w8,,,7-80b1caa291-4wnwbh,7-b4aeafb8dd-033tjr
7-bafbbbd0b6-x9562s,/va/south-hill/mecklenburg-and-brunswick-counties-va-service-unit/,,,,,7-f0f9b5c4ec-xb359v,,,8a83ffcd8fca4ef201903dd1cd5d0034,,Mecklenburg and Brunswick Counties VA (South Hill) Service Unit,,7-949bf3969a-8sq3w8,,,7-80b1caa291-4wnwbh,7-b4aeafb8dd-033tjr
7-92d492e4a5-q7r5bj,/va/emporia/greensville-county-va-service-unit/,,,,,7-f0f9b5c4ec-xb359v,,,8a83ffcd8fca4ef201903dd1c43a0031,,Greensville County VA (Emporia) Service Unit,,7-949bf3969a-8sq3w8,,,7-80b1caa291-4wnwbh,7-b4aeafb8dd-033tjr
7-bca7a2f194-tmv7f9,/va/independence/grayson-county-va-service-unit/,,,,,7-f0f9b5c4ec-xb359v,,,8a83ffcd8fca4ef201903dd1c0f6002e,,Grayson County VA (Independence) Service Unit,,7-949bf3969a-8sq3w8,,,7-80b1caa291-4wnwbh,7-b4aeafb8dd-033tjr
7-bae9b4f780-6qst7h,/va/waverly/sussex-county-va-service-unit/,,,,,7-f0f9b5c4ec-xb359v,,,8a83ffcd8fca4ef201903dd1bad5002b,,Sussex County VA (Waverly) Service Unit,,7-949bf3969a-8sq3w8,,,7-80b1caa291-4wnwbh,7-b4aeafb8dd-033tjr
7-d8f0cde0ef-bwtqjr,/va/louisa/louisa-county-va-service-unit/,,,,,7-f0f9b5c4ec-xb359v,,,8a83ffcd8fca4ef201903dd1b5690028,,Louisa County VA (Louisa) Service Unit,,7-949bf3969a-8sq3w8,,,7-80b1caa291-4wnwbh,7-b4aeafb8dd-033tjr
7-98fb9df3de-hvnbhv,/wv/franklin/pendleton-county-wv-service-unit/,,,,,7-f0f9b5c4ec-xb359v,,,8a83ffcd8fca4ef201903dd1b3510025,,Pendleton County WV (Franklin) Service Unit,,7-949bf3969a-8sq3w8,,,7-eea5bb82c5-lpdxzb,7-b4aeafb8dd-033tjr
7-82d4ceadce-lb7s01,/va/lancaster/lancaster-county-va-service-unit/,,,,,7-f0f9b5c4ec-xb359v,,,8a83ffcd8fca4ef201903dd1b0160022,,Lancaster County VA (Lancaster) Service Unit,,7-949bf3969a-8sq3w8,,,7-80b1caa291-4wnwbh,7-b4aeafb8dd-033tjr
7-deb7d0fcbd-6qlpfh,/va/smithfield/isle-of-wight-county-va-service-unit/,,,,,7-f0f9b5c4ec-xb359v,,,8a83ffcd8fca4ef201903dd19623001c,,Isle of Wight County VA (Smithfield) Service Unit,,7-949bf3969a-8sq3w8,,,7-80b1caa291-4wnwbh,7-b4aeafb8dd-033tjr
7-e49bdcce9c-ql0zbj,/fl/wauchula/hardee-county-fl-service-unit/,,,,,7-d4ecfdb8aa-ggn7w9,,,8a83dcca901e85080190592ffaea0044,,Hardee County FL (Wauchula) Service Unit,,7-949bf3969a-8sq3w8,,,7-a8989ee7fe-vmd865,7-b4aeafb8dd-033tjr
7-d08ad58d8c-nb201g,/tx/deleon/comanche-county-tx-service-unit/,,,,,7-8cb2cdb7d3-v7g7zn,,,8a83dcca901e85080190592ff4670041,,Comanche County TX (DeLeon) Service Unit,,7-949bf3969a-8sq3w8,,,7-f4c3d4c9fc-rzcklp,7-b4aeafb8dd-033tjr
7-90d49cf0fb-cq46f9,/tx/winnie/chambers-county-tx-service-unit/,,,,,7-8cb2cdb7d3-v7g7zn,,,8a83dcca901e85080190527c58b6003a,,Chambers County TX (Winnie) Service Unit,,7-949bf3969a-8sq3w8,,,7-f4c3d4c9fc-rzcklp,7-b4aeafb8dd-033tjr
7-c6f7bfa7eb-d564f5,/tx/montague/montague-county-tx-service-unit/,,,,,7-8cb2cdb7d3-v7g7zn,,,8a83dcca901e85080190527c516b0037,,Montague County TX (Montague) Service Unit,,7-949bf3969a-8sq3w8,,,7-f4c3d4c9fc-rzcklp,7-b4aeafb8dd-033tjr
7-d8cadfe4da-04dqjm,/wv/moorefield/hardy-county-wv-service-unit/,,,,,7-f0f9b5c4ec-xb359v,,,8a83dcca901e850801903dd1fc8b002a,,Hardy County WV (Moorefield) Service Unit,,7-949bf3969a-8sq3w8,,,7-eea5bb82c5-lpdxzb,7-b4aeafb8dd-033tjr
7-b4c09b9fca-ww9q40,/va/tappahannock/essex-county-va-service-unit/,,,,,7-f0f9b5c4ec-xb359v,,,8a83dcca901e850801903dd1f50a0027,,Essex County VA (Tappahannock) Service Unit,,7-949bf3969a-8sq3w8,,,7-80b1caa291-4wnwbh,7-b4aeafb8dd-033tjr
7-9ecbae94b9-39pnd7,/va/marion/smyth-and-tazewell-counties-va-service-unit/,,,,,7-f0f9b5c4ec-xb359v,,,8a83dcca901e850801903dd1ee2f0024,,Smyth and Tazewell Counties VA (Marion) Service Unit,,7-949bf3969a-8sq3w8,,,7-80b1caa291-4wnwbh,7-b4aeafb8dd-033tjr
7-e69ccc92a8-td93c9,/va/lexington/lexington-city-va-service-unit/,,,,,7-f0f9b5c4ec-xb359v,,,8a83dcca901e850801903dd1e77f0021,,Lexington City VA (Lexington) Service Unit,,7-949bf3969a-8sq3w8,,,7-80b1caa291-4wnwbh,7-b4aeafb8dd-033tjr
7-88f0aea697-4mv5j7,/va/jonesville/lee-county-va-service-unit/,,,,,7-f0f9b5c4ec-xb359v,,,8a83dcca901e850801903dd1e0bc001e,,Lee County VA (Jonesville) Service Unit,,7-949bf3969a-8sq3w8,,,7-80b1caa291-4wnwbh,7-b4aeafb8dd-033tjr
7-82f8c8e585-52pxqc,/va/stuart/patrick-county-va-service-unit/,,,,,7-f0f9b5c4ec-xb359v,,,8a83dcca901e850801903dd1d569001b,,Patrick County VA (Stuart) Service Unit,,7-949bf3969a-8sq3w8,,,7-80b1caa291-4wnwbh,7-b4aeafb8dd-033tjr
7-92c6dfd9f4-nj91gc,/va/lovingston/nelson-county-va-service-unit/,,,,,7-f0f9b5c4ec-xb359v,,,8a83dcca901e850801903dd1d1f40018,,Nelson County VA (Lovingston) Service Unit,,7-949bf3969a-8sq3w8,,,7-80b1caa291-4wnwbh,7-b4aeafb8dd-033tjr
7-9efc94e3e3-q20z7t,/va/wise/wise-norton-scott-and-dickenson-counties-va-service-unit/,,,,,7-f0f9b5c4ec-xb359v,,,8a83dcca901e850801903dd1c96f0015,,"Wise, Norton, Scott, and Dickenson Counties VA (Wise) Service Unit",,7-949bf3969a-8sq3w8,,,7-80b1caa291-4wnwbh,7-b4aeafb8dd-033tjr
7-d0acfa94d2-gf639m,/va/farmville/prince-edward-and-nottoway-counties-va-service-unit/,,,,,7-f0f9b5c4ec-xb359v,,,8a83dcca901e850801903dd1be290012,,Prince Edward and Nottoway Counties VA (Farmville) Service Unit,,7-949bf3969a-8sq3w8,,,7-80b1caa291-4wnwbh,7-b4aeafb8dd-033tjr
7-d0e7d797c1-b464xr,/va/warsaw/richmond-county-va-service-unit/,,,,,7-f0f9b5c4ec-xb359v,,,8a83dcca901e850801903dd1b8a7000f,,Richmond County VA (Warsaw) Service Unit,,7-949bf3969a-8sq3w8,,,7-80b1caa291-4wnwbh,7-b4aeafb8dd-033tjr
7-a8e0e4ceb0-k1qr04,/va/chase-city/mecklenburg-and-charlotte-counties-va-service-unit/,,,,,7-f0f9b5c4ec-xb359v,,,8a83dcca901e850801903dd1ab99000c,,Mecklenburg and Charlotte Counties VA (Chase City) Service Unit,,7-949bf3969a-8sq3w8,,,7-80b1caa291-4wnwbh,7-b4aeafb8dd-033tjr
7-c4b9f1fa9f-pzr133,/va/halifax/halifax-county-va-service-unit/,,,,,7-f0f9b5c4ec-xb359v,,,8a83dcca901e850801903dd19f370009,,Halifax County VA (Halifax) Service Unit,,7-949bf3969a-8sq3w8,,,7-80b1caa291-4wnwbh,7-b4aeafb8dd-033tjr
7-a0a4b2f88e-3r98c0,/va/madison/madison-county-va-service-unit/,,,,,7-f0f9b5c4ec-xb359v,,,8a83dcca901e850801903dd199e50006,,Madison County VA (Madison) Service Unit,,7-949bf3969a-8sq3w8,,,7-80b1caa291-4wnwbh,7-b4aeafb8dd-033tjr
7-94a7ddc2fe-kgwwxt,/fl/lehigh-acres/lee-county-fl-service-unit/,,,,,7-d4ecfdb8aa-ggn7w9,,,8a83ac11909d821f0190a148feaa0011,,Lee County FL (Lehigh Acres) Service Unit,,7-949bf3969a-8sq3w8,,,7-a8989ee7fe-vmd865,7-b4aeafb8dd-033tjr
7-a0f798afed-0dvdw4,/fl/monticello/jefferson-county-fl-service-unit/,,,,,7-d4ecfdb8aa-ggn7w9,,,8a83ac11909d821f0190a148fafc000e,,Jefferson County FL (Monticello) Service Unit,,7-949bf3969a-8sq3w8,,,7-a8989ee7fe-vmd865,7-b4aeafb8dd-033tjr
7-82bbf9e3dc-2z243l,/fl/frostproof/polk-county-fl-service-unit/,,,,,7-d4ecfdb8aa-ggn7w9,,,8a83ac11909d821f0190a148f57a000b,,Polk County FL (Frostproof) Service Unit,,7-949bf3969a-8sq3w8,,,7-a8989ee7fe-vmd865,7-b4aeafb8dd-033tjr
7-90dffffecb-28t6f4,/fl/madison/madison-county-fl-service-unit/,,,,,7-d4ecfdb8aa-ggn7w9,,,8a83ac11909d821f0190a148debc0008,,Madison County FL (Madison) Service Unit,,7-949bf3969a-8sq3w8,,,7-a8989ee7fe-vmd865,7-b4aeafb8dd-033tjr
7-e4dcdebbbb-ps0dlq,/fl/starke/bradford-and-union-counties-fl-service-unit/,,,,,7-d4ecfdb8aa-ggn7w9,,,8a83ac11909d821f0190a148d51d0005,,Bradford and Union Counties FL (Starke) Service Unit,,7-949bf3969a-8sq3w8,,,7-a8989ee7fe-vmd865,7-b4aeafb8dd-033tjr
7-f098e6d7aa-9c2gpq,/fl/lake-wales/polk-county-fl-service-unit/,,,,,7-d4ecfdb8aa-ggn7w9,,,8a83ac11909d821f0190a148d0830002,,Polk County FL (Lake Wales) Service Unit,,7-949bf3969a-8sq3w8,,,7-a8989ee7fe-vmd865,7-b4aeafb8dd-033tjr
7-86b3fbf899-5kt4d4,/fl/arcadia/desoto-county-fl-service-unit/,,,,,7-d4ecfdb8aa-ggn7w9,,,8a8384a9909d41350190a148f8740012,,Desoto County FL (Arcadia) Service Unit,,7-949bf3969a-8sq3w8,,,7-a8989ee7fe-vmd865,7-b4aeafb8dd-033tjr
7-96a5c29589-t8vgdn,/fl/fort-pierce/st-lucie-county-fl-service-unit/,,,,,7-d4ecfdb8aa-ggn7w9,,,8a8384a9909d41350190a148f25a000f,,St Lucie County FL (Fort Pierce) Service Unit,,7-949bf3969a-8sq3w8,,,7-a8989ee7fe-vmd865,7-b4aeafb8dd-033tjr
7-cacae3a5ff-2cqb5g,/fl/clewiston/hendry-county-fl-service-unit/,,,,,7-d4ecfdb8aa-ggn7w9,,,8a8384a9909d41350190a148ed33000c,,Hendry County FL (Clewiston) Service Unit,,7-949bf3969a-8sq3w8,,,7-a8989ee7fe-vmd865,7-b4aeafb8dd-033tjr
7-b4a9e99dee-7wqs04,/fl/milton/santa-rosa-county-fl-service-unit/,,,,,7-d4ecfdb8aa-ggn7w9,,,8a8384a9909d41350190a148e3c40006,,Santa Rosa County FL (Milton) Service Unit,,7-949bf3969a-8sq3w8,,,7-a8989ee7fe-vmd865,7-b4aeafb8dd-033tjr
7-f2d3d3ccdd-qftl0s,/fl/belle-glade/palm-beach-county-fl-service-unit/,,,,,7-d4ecfdb8aa-ggn7w9,,,8a8384a9909d41350190a148da150003,,Palm Beach County FL (Belle Glade) Service Unit,,7-949bf3969a-8sq3w8,,,7-a8989ee7fe-vmd865,7-b4aeafb8dd-033tjr
7-aac4f0e8cb-0jc90t,/fl/marianna/jackson-county-fl-service-unit/,,,,,7-d4ecfdb8aa-ggn7w9,,,8a8384a9909d41350190a148cabd0000,,Jackson County FL (Marianna) Service Unit,,7-949bf3969a-8sq3w8,,,7-a8989ee7fe-vmd865,7-b4aeafb8dd-033tjr
7-9a9a8a86bb-twbl7l,/ga/greensboro/greene-greenesboro-service-unit/,,,,,7-d4ebbcf3b4-lwqwp2,,,8a8282c68872f80f0189100d1c07005d,,Greene - Greenesboro Service Unit,,7-949bf3969a-8sq3w8,,,7-c8dfa1fe88-n3rcjd,7-b4aeafb8dd-033tjr
7-d28eaab1aa-b4rpnw,/oh/galion/crawford-county-service-unit/,,,,,7-ececd2c4ed-hsm382,,,8a8282b07ac3a1d1017ad4fcc9ad001e,,Crawford County Service Unit,,7-949bf3969a-8sq3w8,,,7-eef6d9959f-0jqv0v,7-ae82da90c9-zjnfr3
7-e6f08be499-861gkc,/pa/wagon-town/lafayette-hill-pa-conshohocken-service-unit/,,,,,7-848d819292-mfxz0j,,,8a8282888041df66018061732ff9000a,,LAFAYETTE HILL PA - CONSHOHOCKEN SERVICE UNIT,,7-949bf3969a-8sq3w8,,,7-9cdcbfd8bd-qd682n,7-ae82da90c9-zjnfr3
7-f2cffc9e88-vvcbfp,/fl/macclenny/baker-county-fl-service-unit/,,,,,7-d4ecfdb8aa-ggn7w9,,,8a82828477f441e801784163b1430cf6,,Baker County FL (MacClenny) Service Unit,,7-949bf3969a-8sq3w8,,,7-a8989ee7fe-vmd865,7-b4aeafb8dd-033tjr
7-968f9286f7-7xcrnz,/fl/trenton/gilchrist-dixie-and-levy-counties-fl-service-unit/,,,,,7-d4ecfdb8aa-ggn7w9,,,8a82828477f441e8017841389e500aad,,"Gilchrist, Dixie, and Levy Counties FL (Trenton) Service Unit",,7-949bf3969a-8sq3w8,,,7-a8989ee7fe-vmd865,7-b4aeafb8dd-033tjr
7-c891c787e6-tqx86s,/ky/mount-sterling/montgomery-county-ky-service-unit/,,,,,7-dac2a589bf-2klwh6,,,8a82828477f441e801784135a86f0a7d,,Montgomery County KY Service Unit,,7-949bf3969a-8sq3w8,,,7-c2a0a389d1-d0d2t3,7-b4aeafb8dd-033tjr
7-98bb8589d5-5p29lm,/fl/live-oak/suwanee-hamilton-and-lafayette-counties-fl-service-unit/,,,,,7-d4ecfdb8aa-ggn7w9,,,8a82828477f441e80178412c429c09f0,,"Suwanee, Hamilton, and Lafayette Counties FL (Live Oak) Service Unit",,7-949bf3969a-8sq3w8,,,7-a8989ee7fe-vmd865,7-b4aeafb8dd-033tjr
7-e89090aec4-61wt3d,/tx/tulia/swisher-county-tx-service-unit/,,,,,7-8cb2cdb7d3-v7g7zn,,,8a8282238d745250018d7b97d7be0070,,Swisher County TX (Tulia) Service Unit,,7-949bf3969a-8sq3w8,,,7-f4c3d4c9fc-rzcklp,7-b4aeafb8dd-033tjr
7-d0e8dab2ae-vg11px,/tx/columbus/colorado-county-tx-service-unit/,,,,,7-8cb2cdb7d3-v7g7zn,,,8a8282238d745250018d7b97b3d5006d,,Colorado County TX (Columbus) Service Unit,,7-949bf3969a-8sq3w8,,,7-f4c3d4c9fc-rzcklp,7-b4aeafb8dd-033tjr
7-e4ff9eef98-d7bqrd,/tx/gainesville/cooke-county-tx-service-unit/,,,,,7-8cb2cdb7d3-v7g7zn,,,8a8282238d745250018d7b97b006006a,,Cooke County TX (Gainesville) Service Unit,,7-949bf3969a-8sq3w8,,,7-f4c3d4c9fc-rzcklp,7-b4aeafb8dd-033tjr
7-f28ef78488-2jphg0,/tx/bandera/bandera-county-tx-service-unit/,,,,,7-8cb2cdb7d3-v7g7zn,,,8a8282238d745250018d7b978aa20065,,Bandera County TX (Bandera) Service Unit,,7-949bf3969a-8sq3w8,,,7-f4c3d4c9fc-rzcklp,7-b4aeafb8dd-033tjr
7-d483fce4f6-pptpfs,/tx/floresville/wilson-county-tx-service-unit/,,,,,7-8cb2cdb7d3-v7g7zn,,,8a8282238d745250018d7b977617005f,,Wilson County TX (Floresville) Service Unit,,7-949bf3969a-8sq3w8,,,7-f4c3d4c9fc-rzcklp,7-b4aeafb8dd-033tjr
7-a8d0c4eee5-bjdgkh,/tx/big-lake/reagan-county-tx-service-unit/,,,,,7-8cb2cdb7d3-v7g7zn,,,8a8282238d745250018d7b975fdf005c,,Reagan County TX (Big Lake) Service Unit,,7-949bf3969a-8sq3w8,,,7-f4c3d4c9fc-rzcklp,7-b4aeafb8dd-033tjr
7-b280949ed5-fmz22t,/tx/el-campo/wharton-county-tx-service-unit/,,,,,7-8cb2cdb7d3-v7g7zn,,,8a8282238d745250018d7b973e900059,,Wharton County TX (El Campo) Service Unit,,7-949bf3969a-8sq3w8,,,7-f4c3d4c9fc-rzcklp,7-b4aeafb8dd-033tjr
7-ee88e596c4-79mqz0,/tx/yoakum/lavaca-county-tx-service-unit/,,,,,7-8cb2cdb7d3-v7g7zn,,,8a8282238d745250018d7b972f0e0056,,Lavaca County TX (Yoakum) Service Unit,,7-949bf3969a-8sq3w8,,,7-f4c3d4c9fc-rzcklp,7-b4aeafb8dd-033tjr
7-fa96b3c7b2-rxtxbn,/tx/marble-falls/burnet-county-tx-service-unit/,,,,,7-8cb2cdb7d3-v7g7zn,,,8a8282238d745250018d7b972b820053,,Burnet County TX (Marble Falls) Service Unit,,7-949bf3969a-8sq3w8,,,7-f4c3d4c9fc-rzcklp,7-b4aeafb8dd-033tjr
7-80beb9cea1-8w2b11,/tx/weimar/colorado-county-tx-service-unit/,,,,,7-8cb2cdb7d3-v7g7zn,,,8a8282238d745250018d7b97256e0050,,Colorado County TX (Weimar) Service Unit,,7-949bf3969a-8sq3w8,,,7-f4c3d4c9fc-rzcklp,7-b4aeafb8dd-033tjr
7-be8a91f690-5c1xdg,/tx/beeville/bee-county-tx-service-unit/,,,,,7-8cb2cdb7d3-v7g7zn,,,8a8282238d745250018d7b970d05004d,,Bee County TX (Beeville) Service Unit,,7-949bf3969a-8sq3w8,,,7-f4c3d4c9fc-rzcklp,7-b4aeafb8dd-033tjr
7-9adad5c480-j6lt7l,/tx/san-saba/san-saba-county-tx-service-unit/,,,,,7-8cb2cdb7d3-v7g7zn,,,8a8282238d745250018d7b97051f004a,,San Saba County TX (San Saba) Service Unit,,7-949bf3969a-8sq3w8,,,7-f4c3d4c9fc-rzcklp,7-b4aeafb8dd-033tjr
7-f09ee4c3ef-z4ltcw,/tx/del-rio/val-verde-county-tx-service-unit/,,,,,7-8cb2cdb7d3-v7g7zn,,,8a8282238d745250018d7b96f7290042,,Val Verde County TX (Del Rio) Service Unit,,7-949bf3969a-8sq3w8,,,7-f4c3d4c9fc-rzcklp,7-b4aeafb8dd-033tjr
7-a6eab1fddd-v60knf,/tx/lamesa/dawson-county-tx-service-unit/,,,,,7-8cb2cdb7d3-v7g7zn,,,8a8282238d745250018d7b96d9d7003f,,Dawson County TX (Lamesa) Service Unit,,7-949bf3969a-8sq3w8,,,7-f4c3d4c9fc-rzcklp,7-b4aeafb8dd-033tjr
7-8096c7abba-nx645k,/tx/jacksonville/cherokee-county-tx-service-unit/,,,,,7-8cb2cdb7d3-v7g7zn,,,8a8282238d745250018d7b96bcae0039,,Cherokee County TX (Jacksonville) Service Unit,,7-949bf3969a-8sq3w8,,,7-f4c3d4c9fc-rzcklp,7-b4aeafb8dd-033tjr
7-84b6e7b7a9-96q9sp,/tx/pittsburg/camp-county-tx-service-unit/,,,,,7-8cb2cdb7d3-v7g7zn,,,8a8282238d745250018d7b969ddc0036,,Camp County TX (Pittsburg) Service Unit,,7-949bf3969a-8sq3w8,,,7-f4c3d4c9fc-rzcklp,7-b4aeafb8dd-033tjr
7-a2d2bcb491-81fzxm,/tx/mount-vernon/franklin-county-tx-service-unit/,,,,,7-8cb2cdb7d3-v7g7zn,,,8a8282238d745250018d7b96901d0033,,Franklin County TX (Mount Vernon) Service Unit,,7-949bf3969a-8sq3w8,,,7-f4c3d4c9fc-rzcklp,7-b4aeafb8dd-033tjr
7-f8aceac1fd-s1jb27,/tx/karnes-city/karnes-county-tx-service-unit/,,,,,7-8cb2cdb7d3-v7g7zn,,,8a8282238d745250018d7b9682c20030,,Karnes County TX (Karnes City) Service Unit,,7-949bf3969a-8sq3w8,,,7-f4c3d4c9fc-rzcklp,7-b4aeafb8dd-033tjr
7-dcfacac2ec-l5hv78,/tx/fort-stockton/pecos-county-tx-service-unit/,,,,,7-8cb2cdb7d3-v7g7zn,,,8a8282238d745250018d7b966a89002d,,Pecos County TX (Fort Stockton) Service Unit,,7-949bf3969a-8sq3w8,,,7-f4c3d4c9fc-rzcklp,7-b4aeafb8dd-033tjr
7-88bfc69cdc-mg5v34,/tx/bellville/austin-county-tx-service-unit/,,,,,7-8cb2cdb7d3-v7g7zn,,,8a8282238d745250018d7b966641002a,,Austin County TX (Bellville) Service Unit,,7-949bf3969a-8sq3w8,,,7-f4c3d4c9fc-rzcklp,7-b4aeafb8dd-033tjr
7-80e2db8ecb-zj7bfr,/tx/livingston/polk-county-tx-service-unit/,,,,,7-8cb2cdb7d3-v7g7zn,,,8a8282238d745250018d7b9661f40027,,Polk County TX (Livingston) Service Unit,,7-949bf3969a-8sq3w8,,,7-f4c3d4c9fc-rzcklp,7-b4aeafb8dd-033tjr
7-e699acc6b7-2kqxgm,/tx/hereford/deaf-smith-county-tx-service-unit/,,,,,7-8cb2cdb7d3-v7g7zn,,,8a8282238d745250018d7b9656a60024,,Deaf Smith County TX (Hereford) Service Unit,,7-949bf3969a-8sq3w8,,,7-f4c3d4c9fc-rzcklp,7-b4aeafb8dd-033tjr
7-98e18bf7a3-pmfpx6,/tx/mason/mason-county-tx-service-unit/,,,,,7-8cb2cdb7d3-v7g7zn,,,8a8282238d745250018d7b9642ad0021,,Mason County TX (Mason) Service Unit,,7-949bf3969a-8sq3w8,,,7-f4c3d4c9fc-rzcklp,7-b4aeafb8dd-033tjr
7-c2aee89193-vlt4cl,/tx/friona/parmer-county-tx-service-unit/,,,,,7-8cb2cdb7d3-v7g7zn,,,8a8282238d745250018d7b96297b001e,,Parmer County TX (Friona) Service Unit,,7-949bf3969a-8sq3w8,,,7-f4c3d4c9fc-rzcklp,7-b4aeafb8dd-033tjr
7-eae79f8682-1q0nnj,/tx/kenedy/karnes-county-tx-service-unit/,,,,,7-8cb2cdb7d3-v7g7zn,,,8a8282238d745250018d7b9622ab001b,,Karnes County TX (Kenedy) Service Unit,,7-949bf3969a-8sq3w8,,,7-f4c3d4c9fc-rzcklp,7-b4aeafb8dd-033tjr
7-eaff89fbf0-477vpd,/tx/spearman/hansford-county-tx-service-unit/,,,,,7-8cb2cdb7d3-v7g7zn,,,8a8282238d745250018d7b880d0d0018,,Hansford County TX (Spearman) Service Unit,,7-949bf3969a-8sq3w8,,,7-f4c3d4c9fc-rzcklp,7-b4aeafb8dd-033tjr
7-94e39982e0-k16qv1,/fl/palatka/putnam-county-fl-service-unit/,,,,,7-d4ecfdb8aa-ggn7w9,,,8a82820e7cf3026e017cf8cb81f10065,,Putnam County FL (Palatka) Service Unit,,7-949bf3969a-8sq3w8,,,7-a8989ee7fe-vmd865,7-b4aeafb8dd-033tjr
7-e289bfcbcc-2jp6rd,/tx/gruver/hansford-county-tx-service-unit/,,,,,7-8cb2cdb7d3-v7g7zn,,,8a82818e8d73bcf9018d7b97e4b60079,,Hansford County TX (Gruver) Service Unit,,7-949bf3969a-8sq3w8,,,7-f4c3d4c9fc-rzcklp,7-b4aeafb8dd-033tjr
7-82c6e1b9a6-qt4czv,/tx/groveton/trinity-county-tx-service-unit/,,,,,7-8cb2cdb7d3-v7g7zn,,,8a82818e8d73bcf9018d7b97e0cc0076,,Trinity County TX (Groveton) Service Unit,,7-949bf3969a-8sq3w8,,,7-f4c3d4c9fc-rzcklp,7-b4aeafb8dd-033tjr
7-c2b3fef685-4pr0k2,/tx/lagrange/fayette-county-tx-service-unit/,,,,,7-8cb2cdb7d3-v7g7zn,,,8a82818e8d73bcf9018d7b97c8130073,,Fayette County TX (LaGrange) Service Unit,,7-949bf3969a-8sq3w8,,,7-f4c3d4c9fc-rzcklp,7-b4aeafb8dd-033tjr
7-bce8c5fff1-5d80t3,/tx/newton/newton-county-tx-service-unit/,,,,,7-8cb2cdb7d3-v7g7zn,,,8a82818e8d73bcf9018d7b97c4380070,,Newton County TX (Newton) Service Unit,,7-949bf3969a-8sq3w8,,,7-f4c3d4c9fc-rzcklp,7-b4aeafb8dd-033tjr
7-a281f7dfe0-bzcs7j,/tx/ozona/crockett-county-tx-service-unit/,,,,,7-8cb2cdb7d3-v7g7zn,,,8a82818e8d73bcf9018d7b97a6a2006d,,Crockett County TX (Ozona) Service Unit,,7-949bf3969a-8sq3w8,,,7-f4c3d4c9fc-rzcklp,7-b4aeafb8dd-033tjr
7-eafeb88ed0-zm1nhr,/tx/fredericksburg/gillespie-county-tx-service-unit/,,,,,7-8cb2cdb7d3-v7g7zn,,,8a82818e8d73bcf9018d7b97a38f006a,,Gillespie County TX (Fredericksburg) Service Unit,,7-949bf3969a-8sq3w8,,,7-f4c3d4c9fc-rzcklp,7-b4aeafb8dd-033tjr
7-8af79dd2bf-rl5vlk,/tx/somerville/burleson-county-tx-service-unit/,,,,,7-8cb2cdb7d3-v7g7zn,,,8a82818e8d73bcf9018d7b9797610065,,Burleson County TX (Somerville) Service Unit,,7-949bf3969a-8sq3w8,,,7-f4c3d4c9fc-rzcklp,7-b4aeafb8dd-033tjr
7-aecbfbe5ae-j9v56l,/tx/palestine/anderson-county-tx-service-unit/,,,,,7-8cb2cdb7d3-v7g7zn,,,8a82818e8d73bcf9018d7b9794330062,,Anderson County TX (Palestine) Service Unit,,7-949bf3969a-8sq3w8,,,7-f4c3d4c9fc-rzcklp,7-b4aeafb8dd-033tjr
7-8c92a7fb9d-lcjj71,/tx/shamrock/wheeler-county-tx-service-unit/,,,,,7-8cb2cdb7d3-v7g7zn,,,8a82818e8d73bcf9018d7b978493005c,,Wheeler County TX (Shamrock) Service Unit,,7-949bf3969a-8sq3w8,,,7-f4c3d4c9fc-rzcklp,7-b4aeafb8dd-033tjr
7-e4dae8838d-1p80r0,/tx/brady/mcculloch-county-tx-service-unit/,,,,,7-8cb2cdb7d3-v7g7zn,,,8a82818e8d73bcf9018d7b976b410059,,McCulloch County TX (Brady) Service Unit,,7-949bf3969a-8sq3w8,,,7-f4c3d4c9fc-rzcklp,7-b4aeafb8dd-033tjr
7-f8a0c5edfa-j3g9lx,/tx/lampasas/lampasas-county-tx-service-unit/,,,,,7-8cb2cdb7d3-v7g7zn,,,8a82818e8d73bcf9018d7b9741d80056,,Lampasas County TX (Lampasas) Service Unit,,7-949bf3969a-8sq3w8,,,7-f4c3d4c9fc-rzcklp,7-b4aeafb8dd-033tjr
7-88e9eee9e9-s1mg1j,/tx/llano/llano-county-tx-service-unit/,,,,,7-8cb2cdb7d3-v7g7zn,,,8a82818e8d73bcf9018d7b973b970053,,Llano County TX (Llano) Service Unit,,7-949bf3969a-8sq3w8,,,7-f4c3d4c9fc-rzcklp,7-b4aeafb8dd-033tjr
7-c4cc84a4d8-t19gc5,/tx/winnsboro/franklin-county-tx-service-unit/,,,,,7-8cb2cdb7d3-v7g7zn,,,8a82818e8d73bcf9018d7b97193c0048,,Franklin County TX (Winnsboro) Service Unit,,7-949bf3969a-8sq3w8,,,7-f4c3d4c9fc-rzcklp,7-b4aeafb8dd-033tjr
7-88d5aefac6-t4hxqv,/tx/mineral-wells/palo-pinto-county-tx-service-unit/,,,,,7-8cb2cdb7d3-v7g7zn,,,8a82818e8d73bcf9018d7b9707290045,,Palo Pinto County TX (Mineral Wells) Service Unit,,7-949bf3969a-8sq3w8,,,7-f4c3d4c9fc-rzcklp,7-b4aeafb8dd-033tjr
7-e6d6bfdeb5-d2nc2p,/tx/henderson/rusk-county-tx-service-unit/,,,,,7-8cb2cdb7d3-v7g7zn,,,8a82818e8d73bcf9018d7b96ec400042,,Rusk County TX (Henderson) Service Unit,,7-949bf3969a-8sq3w8,,,7-f4c3d4c9fc-rzcklp,7-b4aeafb8dd-033tjr
7-8ed7d78ea4-4wkhgb,/tx/alice/jim-wells-county-tx-service-unit/,,,,,7-8cb2cdb7d3-v7g7zn,,,8a82818e8d73bcf9018d7b96cc40003a,,Jim Wells County TX (Alice) Service Unit,,7-949bf3969a-8sq3w8,,,7-f4c3d4c9fc-rzcklp,7-b4aeafb8dd-033tjr
7-9e89dcee93-5hsj02,/tx/coleman/coleman-county-tx-service-unit/,,,,,7-8cb2cdb7d3-v7g7zn,,,8a82818e8d73bcf9018d7b96c7a80037,,Coleman County TX (Coleman) Service Unit,,7-949bf3969a-8sq3w8,,,7-f4c3d4c9fc-rzcklp,7-b4aeafb8dd-033tjr
7-968ee38a82-hcd044,/tx/marfa/presidio-county-tx-service-unit/,,,,,7-8cb2cdb7d3-v7g7zn,,,8a82818e8d73bcf9018d7b96c4050034,,Presidio County TX (Marfa) Service Unit,,7-949bf3969a-8sq3w8,,,7-f4c3d4c9fc-rzcklp,7-b4aeafb8dd-033tjr
7-82f0f18df1-hzmgrl,/tx/edna/jackson-county-tx-service-unit/,,,,,7-8cb2cdb7d3-v7g7zn,,,8a82818e8d73bcf9018d7b96ac470031,,Jackson County TX (Edna) Service Unit,,7-949bf3969a-8sq3w8,,,7-f4c3d4c9fc-rzcklp,7-b4aeafb8dd-033tjr
7-ea8ec986e0-bhlfk4,/tx/throckmorton/throckmorton-county-tx-service-unit/,,,,,7-8cb2cdb7d3-v7g7zn,,,8a82818e8d73bcf9018d7b96a97f002e,,Throckmorton County TX (Throckmorton) Service Unit,,7-949bf3969a-8sq3w8,,,7-f4c3d4c9fc-rzcklp,7-b4aeafb8dd-033tjr
7-9ad387f0ce-7brl96,/tx/meridian/bosque-county-tx-service-unit/,,,,,7-8cb2cdb7d3-v7g7zn,,,8a82818e8d73bcf9018d7b96a2b3002b,,Bosque County TX (Meridian) Service Unit,,7-949bf3969a-8sq3w8,,,7-f4c3d4c9fc-rzcklp,7-b4aeafb8dd-033tjr
7-fca2e9e4bd-v86hjn,/tx/graham/young-county-tx-service-unit/,,,,,7-8cb2cdb7d3-v7g7zn,,,8a82818e8d73bcf9018d7b9692da0028,,Young County TX (Graham) Service Unit,,7-949bf3969a-8sq3w8,,,7-f4c3d4c9fc-rzcklp,7-b4aeafb8dd-033tjr
7-9ebaca91ac-1pgd5g,/tx/gilmer/upshur-county-tx-service-unit/,,,,,7-8cb2cdb7d3-v7g7zn,,,8a82818e8d73bcf9018d7b967b060025,,Upshur County TX (Gilmer) Service Unit,,7-949bf3969a-8sq3w8,,,7-f4c3d4c9fc-rzcklp,7-b4aeafb8dd-033tjr
7-c0f5c4fd9a-t5rqfs,/tx/sonora/sutton-county-tx-service-unit/,,,,,7-8cb2cdb7d3-v7g7zn,,,8a82818e8d73bcf9018d7b9649cb0022,,Sutton County TX (Sonora) Service Unit,,7-949bf3969a-8sq3w8,,,7-f4c3d4c9fc-rzcklp,7-b4aeafb8dd-033tjr
7-94d6fc988a-t0nqv6,/tx/ballinger/runnels-county-tx-service-unit/,,,,,7-8cb2cdb7d3-v7g7zn,,,8a82818e8d73bcf9018d7b964650001f,,Runnels County TX (Ballinger) Service Unit,,7-949bf3969a-8sq3w8,,,7-f4c3d4c9fc-rzcklp,7-b4aeafb8dd-033tjr
7-e4a2ef9cf9-v8j1t1,/tx/falfurrias/brooks-county-tx-service-unit/,,,,,7-8cb2cdb7d3-v7g7zn,,,8a82818e8d73bcf9018d7b96318c001c,,Brooks County TX (Falfurrias) Service Unit,,7-949bf3969a-8sq3w8,,,7-f4c3d4c9fc-rzcklp,7-b4aeafb8dd-033tjr
7-fca5fcaee8-jvb5rs,/tx/hondo/medina-county-tx-service-unit/,,,,,7-8cb2cdb7d3-v7g7zn,,,8a82818e8d73bcf9018d7b9617840019,,Medina County TX (Hondo) Service Unit,,7-949bf3969a-8sq3w8,,,7-f4c3d4c9fc-rzcklp,7-b4aeafb8dd-033tjr
7-a2a6eec1d7-116336,/ky/brooksville/braken-county-service-unit/,,,,,7-ececd2c4ed-hsm382,,,8a8280d77a044472017a160ff90e0012,,Braken County Service Unit,,7-949bf3969a-8sq3w8,,,7-c2a0a389d1-d0d2t3,7-b4aeafb8dd-033tjr
7-e4808cdfc6-n9k5rs,/oh/georgetown/adams-county-service-unit/,,,,,7-ececd2c4ed-hsm382,,,8a8280d779381e7a0179e6ef117b000b,,Adams County Service Unit,,7-949bf3969a-8sq3w8,,,7-eef6d9959f-0jqv0v,7-ae82da90c9-zjnfr3
7-f08282d4b5-crt0ql,/ga/sparta/hancocksparta-service-unit/,,,,,7-d4ebbcf3b4-lwqwp2,,,8a8280c6887310ba0189100c017b002a,,Hancock/Sparta Service Unit,,7-949bf3969a-8sq3w8,,,7-c8dfa1fe88-n3rcjd,7-b4aeafb8dd-033tjr
7-ae8c81daa4-p4w88v,/ky/burkesville/cumberland-county-ky-service-unit/,,,,,7-dac2a589bf-2klwh6,,,8a8280b58e374d73018e3c7510f90008,,Cumberland County KY (Burkesville) Service Unit,,7-949bf3969a-8sq3w8,,,7-c2a0a389d1-d0d2t3,7-b4aeafb8dd-033tjr
7-f286cae193-q0xt39,/tx/mathis/san-patricio-county-tx-service-unit/,,,,,7-8cb2cdb7d3-v7g7zn,,,8a8280b58d7316e6018d7b97ecf60083,,San Patricio County TX (Mathis) Service Unit,,7-949bf3969a-8sq3w8,,,7-f4c3d4c9fc-rzcklp,7-b4aeafb8dd-033tjr
7-8eedd1fc82-dd3stx,/tx/mabank/henderson-county-tx-service-unit/,,,,,7-8cb2cdb7d3-v7g7zn,,,8a8280b58d7316e6018d7b97dcd30080,,Henderson County TX (Mabank) Service Unit,,7-949bf3969a-8sq3w8,,,7-f4c3d4c9fc-rzcklp,7-b4aeafb8dd-033tjr
7-ea918ba1f1-k06z61,/tx/hearne/robertson-county-tx-service-unit/,,,,,7-8cb2cdb7d3-v7g7zn,,,8a8280b58d7316e6018d7b97d181007d,,Robertson County TX (Hearne) Service Unit,,7-949bf3969a-8sq3w8,,,7-f4c3d4c9fc-rzcklp,7-b4aeafb8dd-033tjr
7-f6aedbcbe0-2bgzmv,/va/eastville/northhampton-county-va-service-unit/,,,,,7-f0f9b5c4ec-xb359v,,,8a8280b58d7316e6018d7b97cc2c007a,,Northhampton County VA (Eastville) Service Unit,,7-949bf3969a-8sq3w8,,,7-80b1caa291-4wnwbh,7-b4aeafb8dd-033tjr
7-f4f2c4c1cf-nltv3h,/tx/cooper/delta-county-tx-service-unit/,,,,,7-8cb2cdb7d3-v7g7zn,,,8a8280b58d7316e6018d7b97bfe00075,,Delta County TX (Cooper) Service Unit,,7-949bf3969a-8sq3w8,,,7-f4c3d4c9fc-rzcklp,7-b4aeafb8dd-033tjr
7-f8dbcaf3be-kx1j3g,/tx/crystal-city/zavala-county-tx-service-unit/,,,,,7-8cb2cdb7d3-v7g7zn,,,8a8280b58d7316e6018d7b97bb360072,,Zavala County TX (Crystal City) Service Unit,,7-949bf3969a-8sq3w8,,,7-f4c3d4c9fc-rzcklp,7-b4aeafb8dd-033tjr
7-fc86e5e5ad-rswvk7,/tx/timpson/shelby-county-tx-service-unit/,,,,,7-8cb2cdb7d3-v7g7zn,,,8a8280b58d7316e6018d7b979d80006f,,Shelby County TX (Timpson) Service Unit,,7-949bf3969a-8sq3w8,,,7-f4c3d4c9fc-rzcklp,7-b4aeafb8dd-033tjr
7-dac7f5e59c-96dw8c,/tx/centerville/leon-county-tx-service-unit/,,,,,7-8cb2cdb7d3-v7g7zn,,,8a8280b58d7316e6018d7b979130006c,,Leon County TX (Centerville) Service Unit,,7-949bf3969a-8sq3w8,,,7-f4c3d4c9fc-rzcklp,7-b4aeafb8dd-033tjr
7-8c81d3e98b-7bq6t2,/tx/eastland/eastland-county-tx-service-unit/,,,,,7-8cb2cdb7d3-v7g7zn,,,8a8280b58d7316e6018d7b978d250069,,Eastland County TX (Eastland) Service Unit,,7-949bf3969a-8sq3w8,,,7-f4c3d4c9fc-rzcklp,7-b4aeafb8dd-033tjr
7-f299d3dffa-0p23h2,/tx/linden/cass-county-tx-service-unit/,,,,,7-8cb2cdb7d3-v7g7zn,,,8a8280b58d7316e6018d7b9781690066,,Cass County TX (Linden) Service Unit,,7-949bf3969a-8sq3w8,,,7-f4c3d4c9fc-rzcklp,7-b4aeafb8dd-033tjr
7-f8e0deeee9-jvtl3x,/tx/sealy/austin-county-tx-service-unit/,,,,,7-8cb2cdb7d3-v7g7zn,,,8a8280b58d7316e6018d7b976f1e0063,,Austin County TX (Sealy) Service Unit,,7-949bf3969a-8sq3w8,,,7-f4c3d4c9fc-rzcklp,7-b4aeafb8dd-033tjr
7-eea8d2f6d8-f5wh56,/tx/rockport/aransas-county-tx-service-unit/,,,,,7-8cb2cdb7d3-v7g7zn,,,8a8280b58d7316e6018d7b975b190060,,Aransas County TX (Rockport) Service Unit,,7-949bf3969a-8sq3w8,,,7-f4c3d4c9fc-rzcklp,7-b4aeafb8dd-033tjr
7-c0caa4aac7-ccsfwc,/tx/anahuac/chambers-county-tx-service-unit/,,,,,7-8cb2cdb7d3-v7g7zn,,,8a8280b58d7316e6018d7b975352005d,,Chambers County TX (Anahuac) Service Unit,,7-949bf3969a-8sq3w8,,,7-f4c3d4c9fc-rzcklp,7-b4aeafb8dd-033tjr
7-98db8da8b6-67vn7w,/tx/george-west/live-oak-county-tx-service-unit/,,,,,7-8cb2cdb7d3-v7g7zn,,,8a8280b58d7316e6018d7b974d7e005a,,Live Oak County TX (George West) Service Unit,,7-949bf3969a-8sq3w8,,,7-f4c3d4c9fc-rzcklp,7-b4aeafb8dd-033tjr
7-98fed0d4a5-m4nsln,/tx/weatherford/parker-county-tx-service-unit/,,,,,7-8cb2cdb7d3-v7g7zn,,,8a8280b58d7316e6018d7b9747f20057,,Parker County TX (Weatherford) Service Unit,,7-949bf3969a-8sq3w8,,,7-f4c3d4c9fc-rzcklp,7-b4aeafb8dd-033tjr
7-caa8e88e95-w1jrj2,/tx/mount-pleasant/titus-county-tx-service-unit/,,,,,7-8cb2cdb7d3-v7g7zn,,,8a8280b58d7316e6018d7b9728c40054,,Titus County TX (Mount Pleasant) Service Unit,,7-949bf3969a-8sq3w8,,,7-f4c3d4c9fc-rzcklp,7-b4aeafb8dd-033tjr
7-f480f7a884-r4z67d,/tx/caldwell/burleson-county-tx-service-unit/,,,,,7-8cb2cdb7d3-v7g7zn,,,8a8280b58d7316e6018d7b971e3a0051,,Burleson County TX (Caldwell) Service Unit,,7-949bf3969a-8sq3w8,,,7-f4c3d4c9fc-rzcklp,7-b4aeafb8dd-033tjr
7-c289e2bff1-srr9fc,/tx/malakoff/henderson-county-tx-service-unit/,,,,,7-8cb2cdb7d3-v7g7zn,,,8a8280b58d7316e6018d7b9712d7004e,,Henderson County TX (Malakoff) Service Unit,,7-949bf3969a-8sq3w8,,,7-f4c3d4c9fc-rzcklp,7-b4aeafb8dd-033tjr
7-80d1d7e3e0-v2pzmx,/tx/hamilton/hamilton-county-tx-service-unit/,,,,,7-8cb2cdb7d3-v7g7zn,,,8a8280b58d7316e6018d7b970fc5004b,,Hamilton County TX (Hamilton) Service Unit,,7-949bf3969a-8sq3w8,,,7-f4c3d4c9fc-rzcklp,7-b4aeafb8dd-033tjr
7-d0d58e89d0-005vzb,/tx/port-lavaca/calhoun-county-tx-service-unit/,,,,,7-8cb2cdb7d3-v7g7zn,,,8a8280b58d7316e6018d7b96ff5b0043,,Calhoun County TX (Port Lavaca) Service Unit,,7-949bf3969a-8sq3w8,,,7-f4c3d4c9fc-rzcklp,7-b4aeafb8dd-033tjr
7-ac99ccb8bf-rg46pz,/tx/santa-anna/coleman-county-tx-service-unit/,,,,,7-8cb2cdb7d3-v7g7zn,,,8a8280b58d7316e6018d7b96e0e90040,,Coleman County TX (Santa Anna) Service Unit,,7-949bf3969a-8sq3w8,,,7-f4c3d4c9fc-rzcklp,7-b4aeafb8dd-033tjr
7-f8cd9df3ae-8w3qck,/tx/copperas-cove/coryell-county-tx-service-unit/,,,,,7-8cb2cdb7d3-v7g7zn,,,8a8280b58d7316e6018d7b96dcfe003d,,Coryell County TX (Copperas Cove) Service Unit,,7-949bf3969a-8sq3w8,,,7-f4c3d4c9fc-rzcklp,7-b4aeafb8dd-033tjr
7-8ca9c0de9d-t7jcg1,/tx/buffalo/leon-county-tx-service-unit/,,,,,7-8cb2cdb7d3-v7g7zn,,,8a8280b58d7316e6018d7b96b90c003a,,Leon County TX (Buffalo) Service Unit,,7-949bf3969a-8sq3w8,,,7-f4c3d4c9fc-rzcklp,7-b4aeafb8dd-033tjr
7-d2ebdd818d-jhqfr6,/tx/devine/medina-county-tx-service-unit/,,,,,7-8cb2cdb7d3-v7g7zn,,,8a8280b58d7316e6018d7b96b6050035,,Medina County TX (Devine) Service Unit,,7-949bf3969a-8sq3w8,,,7-f4c3d4c9fc-rzcklp,7-b4aeafb8dd-033tjr
7-96d69ce1fb-5mrczk,/tx/fairfield/freestone-county-tx-service-unit/,,,,,7-8cb2cdb7d3-v7g7zn,,,8a8280b58d7316e6018d7b96a5910032,,Freestone County TX (Fairfield) Service Unit,,7-949bf3969a-8sq3w8,,,7-f4c3d4c9fc-rzcklp,7-b4aeafb8dd-033tjr
7-f8dc82d9ea-46c25n,/tx/jefferson/marion-county-tx-service-unit/,,,,,7-8cb2cdb7d3-v7g7zn,,,8a8280b58d7316e6018d7b968763002f,,Marion County TX (Jefferson) Service Unit,,7-949bf3969a-8sq3w8,,,7-f4c3d4c9fc-rzcklp,7-b4aeafb8dd-033tjr
7-eae9ccf0d9-c07v19,/tx/alpine/brewster-county-tx-service-unit/,,,,,7-8cb2cdb7d3-v7g7zn,,,8a8280b58d7316e6018d7b967faa002c,,Brewster County TX (Alpine) Service Unit,,7-949bf3969a-8sq3w8,,,7-f4c3d4c9fc-rzcklp,7-b4aeafb8dd-033tjr
7-86829cbec9-ffkn94,/tx/dalhart/dallam-county-tx-service-unit/,,,,,7-8cb2cdb7d3-v7g7zn,,,8a8280b58d7316e6018d7b9677c70029,,Dallam County TX (Dalhart) Service Unit,,7-949bf3969a-8sq3w8,,,7-f4c3d4c9fc-rzcklp,7-b4aeafb8dd-033tjr
7-9cbde5b3b5-6q9ghc,/ok/stilwell/adair-county-ok-service-unit/,,,,,7-f4cfbc98a0-bhnrr5,,,8a8280b58d7316e6018d7b965d4b0026,,Adair County OK (Stilwell) Service Unit,,7-949bf3969a-8sq3w8,,,7-e29db4a9a9-12b6sn,7-b4aeafb8dd-033tjr
7-c2b2b780a5-5r3sdk,/tx/kingsland/llano-county-tx-service-unit/,,,,,7-8cb2cdb7d3-v7g7zn,,,8a8280b58d7316e6018d7b9651e90021,,Llano County TX (Kingsland) Service Unit,,7-949bf3969a-8sq3w8,,,7-f4c3d4c9fc-rzcklp,7-b4aeafb8dd-033tjr
7-fca7d38394-t99ncz,/tx/kermit/winkler-county-tx-service-unit/,,,,,7-8cb2cdb7d3-v7g7zn,,,8a8280b58d7316e6018d7b963da2001e,,Winkler County TX (Kermit) Service Unit,,7-949bf3969a-8sq3w8,,,7-f4c3d4c9fc-rzcklp,7-b4aeafb8dd-033tjr
7-a8c6d39a83-pr5w69,/tx/port-isabel/cameron-county-tx-service-unit/,,,,,7-8cb2cdb7d3-v7g7zn,,,8a8280b58d7316e6018d7b963ad5001b,,Cameron County TX (Port Isabel) Service Unit,,7-949bf3969a-8sq3w8,,,7-f4c3d4c9fc-rzcklp,7-b4aeafb8dd-033tjr
7-e4d8eab9f2-r3t19h,/tx/iraan/pecos-county-tx-service-unit/,,,,,7-8cb2cdb7d3-v7g7zn,,,8a8280b58d7316e6018d7b96126f0018,,Pecos County TX (Iraan) Service Unit,,7-949bf3969a-8sq3w8,,,7-f4c3d4c9fc-rzcklp,7-b4aeafb8dd-033tjr
7-ece8d3b2e2-pgw26q,/tx/liberty/liberty-county-tx-service-unit/,,,,,7-8cb2cdb7d3-v7g7zn,,,8a8280b58d7316e6018d7b960eb30013,,Liberty County TX (Liberty) Service Unit,,7-949bf3969a-8sq3w8,,,7-f4c3d4c9fc-rzcklp,7-b4aeafb8dd-033tjr
7-a4a8b6a0d2-85z03l,/tn/union-city/obion-county-tn-service-unit/,,,,,7-dac2a589bf-2klwh6,,,8a8280647cf3021d017cf927a62c00b1,,Obion County TN (Obion) Service Unit,,7-949bf3969a-8sq3w8,,,7-cec5e183f2-nxqt7m,7-b4aeafb8dd-033tjr
7-d8b18fd9c1-c5vtq8,/ga/moultrie/colquitt-county-service-unit/,,,,,7-d4ebbcf3b4-lwqwp2,,,8a82805a7ec4ed96017ec8b528ea007b,,Colquitt County Service Unit,,7-949bf3969a-8sq3w8,,,7-c8dfa1fe88-n3rcjd,7-b4aeafb8dd-033tjr
7-d690bcb3b1-060tvd,/tn/springfield/robertson-county-tn-service-unit/,,,,,7-dac2a589bf-2klwh6,,,8a82804d77cf72c60178418774fb0e0c,,Robertson County TN Service Unit,,7-949bf3969a-8sq3w8,,,7-cec5e183f2-nxqt7m,7-b4aeafb8dd-033tjr
7-ec818392a1-1t99bq,/tn/pulaski/giles-county-tn-service-unit/,,,,,7-dac2a589bf-2klwh6,,,8a82804d77cf72c601784149f9d90bb1,,Giles County TN Service Unit,,7-949bf3969a-8sq3w8,,,7-cec5e183f2-nxqt7m,7-b4aeafb8dd-033tjr
7-ba8980d190-051kv3,/ky/albany/clinton-county-ky-service-unit/,,,,,7-dac2a589bf-2klwh6,,,8a82804a7f50c9e9017f58e8374e0059,,Clinton County KY Service Unit,,7-949bf3969a-8sq3w8,,,7-c2a0a389d1-d0d2t3,7-b4aeafb8dd-033tjr
7-88f4bbb980-svqj5l,/tn/harriman/roane-county-tn-service-unit/,,,,,7-dac2a589bf-2klwh6,,,8a82804a7f50c9e9017f58e3868e0032,,Roane County TN Service Unit,,7-949bf3969a-8sq3w8,,,7-cec5e183f2-nxqt7m,7-b4aeafb8dd-033tjr
7-8cefd4f9f5-wm0cvm,/tx/andrews/andrews-county-tx-service-unit/,,,,,7-8cb2cdb7d3-v7g7zn,,,8a8280448d73b80d018d7b97e7dd0079,,Andrews County TX (Andrews) Service Unit,,7-949bf3969a-8sq3w8,,,7-f4c3d4c9fc-rzcklp,7-b4aeafb8dd-033tjr
7-ba94bdbde5-v6q4d1,/tx/woodville/tyler-county-tx-service-unit/,,,,,7-8cb2cdb7d3-v7g7zn,,,8a8280448d73b80d018d7b97da6e0076,,Tyler County TX (Woodville) Service Unit,,7-949bf3969a-8sq3w8,,,7-f4c3d4c9fc-rzcklp,7-b4aeafb8dd-033tjr
7-c2eb82e2d4-b457dh,/tx/madisonville/madison-county-tx-service-unit/,,,,,7-8cb2cdb7d3-v7g7zn,,,8a8280448d73b80d018d7b97d4950073,,Madison County TX (Madisonville) Service Unit,,7-949bf3969a-8sq3w8,,,7-f4c3d4c9fc-rzcklp,7-b4aeafb8dd-033tjr
7-b0c8fa93c4-lq4plv,/tx/bastrop/bastrop-county-tx-service-unit/,,,,,7-8cb2cdb7d3-v7g7zn,,,8a8280448d73b80d018d7b97b8230070,,Bastrop County TX (Bastrop) Service Unit,,7-949bf3969a-8sq3w8,,,7-f4c3d4c9fc-rzcklp,7-b4aeafb8dd-033tjr
7-94ed9c89b3-5dh674,/tx/burnet/burnet-county-tx-service-unit/,,,,,7-8cb2cdb7d3-v7g7zn,,,8a8280448d73b80d018d7b97acc3006d,,Burnet County TX (Burnet) Service Unit,,7-949bf3969a-8sq3w8,,,7-f4c3d4c9fc-rzcklp,7-b4aeafb8dd-033tjr
7-9caf89db9a-mp8rjx,/tx/lockhart/caldwell-county-tx-service-unit/,,,,,7-8cb2cdb7d3-v7g7zn,,,8a8280448d73b80d018d7b97a9ac006a,,Caldwell County TX (Lockhart) Service Unit,,7-949bf3969a-8sq3w8,,,7-f4c3d4c9fc-rzcklp,7-b4aeafb8dd-033tjr
7-8ea795c28a-0rtwtw,/tx/eagle-pass/maverick-county-tx-service-unit/,,,,,7-8cb2cdb7d3-v7g7zn,,,8a8280448d73b80d018d7b979a780064,,Maverick County TX (Eagle Pass) Service Unit,,7-949bf3969a-8sq3w8,,,7-f4c3d4c9fc-rzcklp,7-b4aeafb8dd-033tjr
7-80b9f19ffa-m9zw63,/tx/junction/kimble-county-tx-service-unit/,,,,,7-8cb2cdb7d3-v7g7zn,,,8a8280448d73b80d018d7b9772400061,,Kimble County TX (Junction) Service Unit,,7-949bf3969a-8sq3w8,,,7-f4c3d4c9fc-rzcklp,7-b4aeafb8dd-033tjr
7-a2c4b38ee8-s2cfmw,/tx/grapeland/houston-county-tx-service-unit/,,,,,7-8cb2cdb7d3-v7g7zn,,,8a8280448d73b80d018d7b976483005e,,Houston County TX (Grapeland) Service Unit,,7-949bf3969a-8sq3w8,,,7-f4c3d4c9fc-rzcklp,7-b4aeafb8dd-033tjr
7-acfb81b2d5-xqhgkz,/tx/sulphur-springs/hopkins-county-tx-service-unit/,,,,,7-8cb2cdb7d3-v7g7zn,,,8a8280448d73b80d018d7b975668005b,,Hopkins County TX (Sulphur Springs) Service Unit,,7-949bf3969a-8sq3w8,,,7-f4c3d4c9fc-rzcklp,7-b4aeafb8dd-033tjr
7-d2e686c7c4-13sdd1,/tx/decatur/wise-county-tx-service-unit/,,,,,7-8cb2cdb7d3-v7g7zn,,,8a8280448d73b80d018d7b97509a0058,,Wise County TX (Bridgeport and Decatur) Service Unit,,7-949bf3969a-8sq3w8,,,7-f4c3d4c9fc-rzcklp,7-b4aeafb8dd-033tjr
7-e6bbaab7b3-4wxfck,/tx/archer-city/archer-county-tx-service-unit/,,,,,7-8cb2cdb7d3-v7g7zn,,,8a8280448d73b80d018d7b974ab10055,,Archer County TX (Archer City) Service Unit,,7-949bf3969a-8sq3w8,,,7-f4c3d4c9fc-rzcklp,7-b4aeafb8dd-033tjr
7-8886d0cba2-hm865q,/tx/perryton/ochiltree-county-tx-service-unit/,,,,,7-8cb2cdb7d3-v7g7zn,,,8a8280448d73b80d018d7b972290004f,,Ochiltree County TX (Perryton) Service Unit,,7-949bf3969a-8sq3w8,,,7-f4c3d4c9fc-rzcklp,7-b4aeafb8dd-033tjr
7-beeacfe391-jgr3xb,/tx/uvalde/uvalde-county-tx-service-unit/,,,,,7-8cb2cdb7d3-v7g7zn,,,8a8280448d73b80d018d7b971598004c,,Uvalde County TX (Uvalde) Service Unit,,7-949bf3969a-8sq3w8,,,7-f4c3d4c9fc-rzcklp,7-b4aeafb8dd-033tjr
7-aaf7c8ab81-7pvnkq,/tx/clarksville/red-river-county-tx-service-unit/,,,,,7-8cb2cdb7d3-v7g7zn,,,8a8280448d73b80d018d7b96f3c50049,,Red River County TX (Clarksville) Service Unit,,7-949bf3969a-8sq3w8,,,7-f4c3d4c9fc-rzcklp,7-b4aeafb8dd-033tjr
7-f8a8c689f1-6q3jpd,/tx/snyder/scurry-county-tx-service-unit/,,,,,7-8cb2cdb7d3-v7g7zn,,,8a8280448d73b80d018d7b96e8510046,,Scurry County TX (Snyder) Service Unit,,7-949bf3969a-8sq3w8,,,7-f4c3d4c9fc-rzcklp,7-b4aeafb8dd-033tjr
7-b6f4e084e1-fjtp15,/tx/corrigan/polk-county-tx-service-unit/,,,,,7-8cb2cdb7d3-v7g7zn,,,8a8280448d73b80d018d7b96d71f0043,,Polk County TX (Corrigan) Service Unit,,7-949bf3969a-8sq3w8,,,7-f4c3d4c9fc-rzcklp,7-b4aeafb8dd-033tjr
7-ccd480a3d0-m58058,/tx/brenham/washington-county-tx-service-unit/,,,,,7-8cb2cdb7d3-v7g7zn,,,8a8280448d73b80d018d7b96d26f0040,,Washington County TX (Brenham) Service Unit,,7-949bf3969a-8sq3w8,,,7-f4c3d4c9fc-rzcklp,7-b4aeafb8dd-033tjr
7-96a9fdb6bf-rvbm6c,/tx/shiner/lavaca-county-tx-service-unit/,,,,,7-8cb2cdb7d3-v7g7zn,,,8a8280448d73b80d018d7b96b2c1003d,,Lavaca County TX (Shiner) Service Unit,,7-949bf3969a-8sq3w8,,,7-f4c3d4c9fc-rzcklp,7-b4aeafb8dd-033tjr
7-f6fb80ffae-msjjkx,/tx/jasper/jasper-county-tx-service-unit/,,,,,7-8cb2cdb7d3-v7g7zn,,,8a8280448d73b80d018d7b96afa4003a,,Jasper County TX (Jasper) Service Unit,,7-949bf3969a-8sq3w8,,,7-f4c3d4c9fc-rzcklp,7-b4aeafb8dd-033tjr
7-b8ddf1b79e-92kb5j,/tx/breckenridge/stephens-county-tx-service-unit/,,,,,7-8cb2cdb7d3-v7g7zn,,,8a8280448d73b80d018d7b969b170037,,Stephens County TX (Breckenridge) Service Unit,,7-949bf3969a-8sq3w8,,,7-f4c3d4c9fc-rzcklp,7-b4aeafb8dd-033tjr
7-d6cc9e818e-q8wc5t,/tx/van-alstyne/grayson-county-tx-service-unit/,,,,,7-8cb2cdb7d3-v7g7zn,,,8a8280448d73b80d018d7b96990d0034,,Grayson County TX (Van Alstyne) Service Unit,,7-949bf3969a-8sq3w8,,,7-f4c3d4c9fc-rzcklp,7-b4aeafb8dd-033tjr
7-b6daacf3fd-j3c24z,/tx/wheeler/wheeler-county-tx-service-unit/,,,,,7-8cb2cdb7d3-v7g7zn,,,8a8280448d73b80d018d7b9695f50031,,Wheeler County TX (Wheeler) Service Unit,,7-949bf3969a-8sq3w8,,,7-f4c3d4c9fc-rzcklp,7-b4aeafb8dd-033tjr
7-9ad49fdbed-zsp2lk,/tx/van-horn/culberson-county-tx-service-unit/,,,,,7-8cb2cdb7d3-v7g7zn,,,8a8280448d73b80d018d7b967481002e,,Culberson County TX (Van Horn) Service Unit,,7-949bf3969a-8sq3w8,,,7-f4c3d4c9fc-rzcklp,7-b4aeafb8dd-033tjr
7-82e4da88dd-hdlhmt,/tx/vernon/wilbarger-county-tx-service-unit/,,,,,7-8cb2cdb7d3-v7g7zn,,,8a8280448d73b80d018d7b9671a2002b,,Wilbarger County TX (Vernon) Service Unit,,7-949bf3969a-8sq3w8,,,7-f4c3d4c9fc-rzcklp,7-b4aeafb8dd-033tjr
7-c0d699ddcc-3d2wsm,/tx/grand-saline/van-zant-county-tx-service-unit/,,,,,7-8cb2cdb7d3-v7g7zn,,,8a8280448d73b80d018d7b964d3b0023,,Van Zant County TX (Grand Saline) Service Unit,,7-949bf3969a-8sq3w8,,,7-f4c3d4c9fc-rzcklp,7-b4aeafb8dd-033tjr
7-f6ccc7efbb-vllsh0,/tx/pecos/reeves-county-tx-service-unit/,,,,,7-8cb2cdb7d3-v7g7zn,,,8a8280448d73b80d018d7b96369d0020,,Reeves County TX (Pecos) Service Unit,,7-949bf3969a-8sq3w8,,,7-f4c3d4c9fc-rzcklp,7-b4aeafb8dd-033tjr
7-ce9bcb9eab-tjh49h,/ar/fordyce/dallas-county-ar-service-unit/,,,,,7-f4cfbc98a0-bhnrr5,,,8a8280448d73b80d018d7b962dad001d,,Dallas County AR (Fordyce) Service Unit,,7-949bf3969a-8sq3w8,,,7-d89385d5d6-dxqh81,7-b4aeafb8dd-033tjr
7-82a4e7839b-mdpnqf,/tx/quitman/wood-county-tx-service-unit/,,,,,7-8cb2cdb7d3-v7g7zn,,,8a8280448d73b80d018d7b96264e0018,,Wood County TX (Quitman) Service Unit,,7-949bf3969a-8sq3w8,,,7-f4c3d4c9fc-rzcklp,7-b4aeafb8dd-033tjr
7-d2cde7b98a-1k8rsf,/tx/stephenville/erath-county-tx-service-unit/,,,,,7-8cb2cdb7d3-v7g7zn,,,8a8280448d73b80d018d7b961ed50015,,Erath County TX (Stephenville) Service Unit,,7-949bf3969a-8sq3w8,,,7-f4c3d4c9fc-rzcklp,7-b4aeafb8dd-033tjr
7-be99aee8f9-xppt0t,/tx/clarendon/donley-county-tx-service-unit/,,,,,7-8cb2cdb7d3-v7g7zn,,,8a8280448d73b80d018d7b961b100012,,Donley County TX (Clarendon) Service Unit,,7-949bf3969a-8sq3w8,,,7-f4c3d4c9fc-rzcklp,7-b4aeafb8dd-033tjr
7-f8928cdce8-1n188l,/pa/north-east/north-east-service-unit/,,,,,7-ac89f1d9f7-q6bwl8,,,8a80825760dfe07d01612d6df8fe0011,,North East Service Unit,,7-949bf3969a-8sq3w8,,,7-9cdcbfd8bd-qd682n,7-ae82da90c9-zjnfr3
7-8aa1d7dad7-l4xgm0,/ny/malone/malone-service-unit/,,,,,7-86c2b7a99c-156h1v,,,8a8080b3714a3df1017333f15c6e00d3,,Malone Service Unit,,7-949bf3969a-8sq3w8,,,7-b2eec98c95-gqhf9w,7-ae82da90c9-zjnfr3
7-82cbce94c7-qt7k6s,/tn/loudon/loudon-county-tn-service-unit/,,,,,7-dac2a589bf-2klwh6,,,402818763d5b8722013d5d4e41e1275a,,Loudon County TN Service Unit,,7-949bf3969a-8sq3w8,,,7-cec5e183f2-nxqt7m,7-b4aeafb8dd-033tjr
7-c6809fd0b6-w5tcfp,/ky/grethel/pike-county-ky-service-unit/,,,,,7-dac2a589bf-2klwh6,,,402818763d5b8722013d5d356885260a,,Pike County KY Service Unit,,7-949bf3969a-8sq3w8,,,7-c2a0a389d1-d0d2t3,7-b4aeafb8dd-033tjr
7-a8edfa8aa5-n6xbgn,/ky/campbellsburg/henry-county-ky-service-unit/,,,,,7-dac2a589bf-2klwh6,,,402818763d5b8722013d5d1e041924a2,,Henry County KY Service Unit,,7-949bf3969a-8sq3w8,,,7-c2a0a389d1-d0d2t3,7-b4aeafb8dd-033tjr
7-c6c487cf94-h4tzp5,/tn/leoma/lawrence-county-tn-service-unit/,,,,,7-dac2a589bf-2klwh6,,,402818763d5b8722013d5d096e7323af,,Lawrence County TN Service Unit,,7-949bf3969a-8sq3w8,,,7-cec5e183f2-nxqt7m,7-b4aeafb8dd-033tjr
7-96d9bfdf83-240lj6,/ky/paris/bourbon-county-ky-service-unit/,,,,,7-dac2a589bf-2klwh6,,,402818763d5b8722013d5cf20b7f2244,,Bourbon County KY Service Unit,,7-949bf3969a-8sq3w8,,,7-c2a0a389d1-d0d2t3,7-b4aeafb8dd-033tjr
7-a8dd9e86f3-40cqh2,/ky/mayfield/graves-county-ky-service-unit/,,,,,7-dac2a589bf-2klwh6,,,402818763d5b8722013d5cf0056c2214,,Graves County KY Service Unit,,7-949bf3969a-8sq3w8,,,7-c2a0a389d1-d0d2t3,7-b4aeafb8dd-033tjr
7-eaddafb1dd-5bmx3j,/ky/leitchfield/grayson-county-ky-service-unit/,,,,,7-dac2a589bf-2klwh6,,,402818763d5b8722013d5ceef0cb2202,,Grayson County KY Service Unit,,7-949bf3969a-8sq3w8,,,7-c2a0a389d1-d0d2t3,7-b4aeafb8dd-033tjr
7-d2f1eadecc-ph09c8,/tn/winchester/franklin-county-tn-service-unit/,,,,,7-dac2a589bf-2klwh6,,,402818763d5b8722013d5ced04e821d8,,Franklin County TN Service Unit,,7-949bf3969a-8sq3w8,,,7-cec5e183f2-nxqt7m,7-b4aeafb8dd-033tjr
7-88f9c28ebc-fjfx9c,/ky/shelbyville/shelby-county-ky-service-unit/,,,,,7-dac2a589bf-2klwh6,,,402818763d5b8722013d5cec4c4e21c9,,Shelby County KY Service Unit,,7-949bf3969a-8sq3w8,,,7-c2a0a389d1-d0d2t3,7-b4aeafb8dd-033tjr
7-a48ae6f6aa-hpwlfw,/ky/grayson/carter-county-ky-service-unit/,,,,,7-dac2a589bf-2klwh6,,,402818763d5b8722013d5cea8736219f,,Carter County KY Service Unit,,7-949bf3969a-8sq3w8,,,7-c2a0a389d1-d0d2t3,7-b4aeafb8dd-033tjr
7-e0bbf7b99a-l936t0,/ky/bloomfield/nelson-county-ky-service-unit/,,,,,7-dac2a589bf-2klwh6,,,402818763d5b8722013d5cd8a972203d,,Nelson County KY Service Unit,,7-949bf3969a-8sq3w8,,,7-c2a0a389d1-d0d2t3,7-b4aeafb8dd-033tjr
7-c8b1e7f888-k54sng,/ky/sandy-hook/elliott-county-ky-service-unit/,,,,,7-dac2a589bf-2klwh6,,,402818763d5b8722013d5cd231681fd4,,Elliott County KY Service Unit,,7-949bf3969a-8sq3w8,,,7-c2a0a389d1-d0d2t3,7-b4aeafb8dd-033tjr
7-80c490a687-hdffrr,/in/brazil/clay-county-service-extension/,,,,,7-e4a1c59bd4-02km0q,,,8a83826390da9d5401912854fede000e,,Clay County Service Extension,,7-88e8a8c4ce-mjl8hp,,,7-f0d4b4e1bc-b7wkz8,7-ec8a80fdbe-46hzww
7-86c9e0c2fd-rt04cn,/in/peru/miami-county-service-extension/,,,,,7-e4a1c59bd4-02km0q,,,8a80827c6519911d0165f8a28b5e0032,,Miami County Service Extension,,7-88e8a8c4ce-mjl8hp,,,7-f0d4b4e1bc-b7wkz8,7-ec8a80fdbe-46hzww
7-ca8195d6ec-96znps,/ia/toledo/toledo-ia-service-extension/,,,,,7-f29a8adafd-bgvqz8,,,8a80823b5adc4fcd015d7b3a64c50217,,"Toledo, IA: Service Extension",,7-88e8a8c4ce-mjl8hp,,,7-ecabd4c29d-n0vd16,7-ec8a80fdbe-46hzww
7-ae8ee7cfdb-qfwhjb,/ia/rockwell-city/rockwell-city-ia-service-extension-1/,,,,,7-f29a8adafd-bgvqz8,,,8a80823b5adc4fcd015d7aacd6770211,,"Rockwell City, IA: Service Extension",,7-88e8a8c4ce-mjl8hp,,,7-ecabd4c29d-n0vd16,7-ec8a80fdbe-46hzww
7-b2e2bcd0d1-22n9ms,/ne/gordon/rushville-ne-service-extension/,,,,,7-f29a8adafd-bgvqz8,,,8a80823b5adc4fcd015d7aa8fd4f020e,,"Rushville, NE: Service Extension",,7-88e8a8c4ce-mjl8hp,,,7-d088aaa6e1-s8hc47,7-ec8a80fdbe-46hzww
7-86cbc1ccc0-bvfx16,/ia/knoxville/marion-county-ia-service-extension/,,,,,7-f29a8adafd-bgvqz8,,,8a80823b5adc4fcd015d6751917101f2,,"Marion County, IA: Service Extension",,7-88e8a8c4ce-mjl8hp,,,7-ecabd4c29d-n0vd16,7-ec8a80fdbe-46hzww
7-84b4f2beaf-p45gzb,/ia/chariton/chariton-ia-service-extension/,,,,,7-f29a8adafd-bgvqz8,,,8a80823b5adc4fcd015d57b34d3901ed,,"Chariton, IA: Service Extension",,7-88e8a8c4ce-mjl8hp,,,7-ecabd4c29d-n0vd16,7-ec8a80fdbe-46hzww
7-fac490cd9e-s0vs63,/il/winfield/winfield-township/,,,,,7-8cf1a59ee2-cbn73f,,,8a808091616ab34f0163e0b0696e00d9,,Winfield Township (Service Extension),,7-88e8a8c4ce-mjl8hp,,,7-8099efa2b2-rdn3bt,7-ec8a80fdbe-46hzww
7-b28585968d-zvxn1v,/mi/cheboygan-county/service-extension/,,,,,7-8c83d8fcd7-rzdqc7,,,8a80805d6520a9e40166a1e1b860004c,,Service Extension,,7-88e8a8c4ce-mjl8hp,,,7-f89ac3808f-fhd9gf,7-ec8a80fdbe-46hzww
7-b8a4b996fc-gst2n2,/ak/bethel/bethel-ak-bethel-service-extension/,,,,,7-9ebeacdedd-8qxgbk,,,8a80803c570b3ed10157c99b89140013,,"Bethel, AK: Bethel Service Extension",,7-88e8a8c4ce-mjl8hp,,,7-9eb6c8c9f4-jnsb59,7-dcb3daeee7-3l9t49
7-86839bddea-rvxfrq,/mn/grand-rapids/service-extension-northern-mn-area-manager/,,,,,7-8ab1b9b3f3-tdc5n3,,,8a7ba28442dde3be0144acd938d00090,,Service Extension Northern MN Area Manager,,7-88e8a8c4ce-mjl8hp,,,7-c2dfc2ca99-j6br8h,7-ec8a80fdbe-46hzww
7-8286e2b7e0-s5l4d4,/ca/yucca-valley/service-extension-yucca-valley/,,,,,7-d4838ce5cd-6fzr15,,,8a78d5473e314c1b013e376884620d98,,Service Extension: Yucca Valley,,7-88e8a8c4ce-mjl8hp,,,7-f4f1f49eba-k0fhfl,7-dcb3daeee7-3l9t49
7-b6aed7b7cf-s8lc08,/in/crothersville/jackson-county-service-extension-crothersville/,,,,,7-e4a1c59bd4-02km0q,,,402818763d5b8722013d5d5c5575284a,,Jackson County Service Extension - Crothersville,,7-88e8a8c4ce-mjl8hp,,,7-f0d4b4e1bc-b7wkz8,7-ec8a80fdbe-46hzww
7-8eb5f3cebe-x65bw5,/ne/saint-paul/saint-paul-ne-service-extension/,,,,,7-f29a8adafd-bgvqz8,,,402818763d5b8722013d5c9f2f421ae5,,"Saint Paul, NE: Service Extension",,7-88e8a8c4ce-mjl8hp,,,7-d088aaa6e1-s8hc47,7-ec8a80fdbe-46hzww
7-989cd1f2ad-bqw2bz,/in/connersville/fayette-county-service-extension/,,,,,7-e4a1c59bd4-02km0q,,,402818763d5b8722013d5c814303196e,,Fayette County Service Extension,,7-88e8a8c4ce-mjl8hp,,,7-f0d4b4e1bc-b7wkz8,7-ec8a80fdbe-46hzww
7-b0c9cca39d-pktvbw,/in/bedford/lawrence-county-service-extension/,,,,,7-e4a1c59bd4-02km0q,,,402818763d5b8722013d5c74fac518b4,,Lawrence County Service Extension,,7-88e8a8c4ce-mjl8hp,,,7-f0d4b4e1bc-b7wkz8,7-ec8a80fdbe-46hzww
7-def5ebc493-drc7b4,/in/seymour/jackson-county-service-extension-seymour/,,,,,7-e4a1c59bd4-02km0q,,,402818763d5b8722013d5c71fd12187e,,Jackson County Service Extension - Seymour,,7-88e8a8c4ce-mjl8hp,,,7-f0d4b4e1bc-b7wkz8,7-ec8a80fdbe-46hzww
7-96f0fc9083-kh0bnj,/in/monticello/white-county-service-extension/,,,,,7-e4a1c59bd4-02km0q,,,402818763d5b8722013d5c19d9a1142e,,White County Service Extension,,7-88e8a8c4ce-mjl8hp,,,7-f0d4b4e1bc-b7wkz8,7-ec8a80fdbe-46hzww
7-d8eef1adf2-1pd0xf,/ne/lexington/lexington-ne-service-extension/,,,,,7-f29a8adafd-bgvqz8,,,402818763d5b8722013d5c13ccba13d1,,"Lexington, NE: Service Extension",,7-88e8a8c4ce-mjl8hp,,,7-d088aaa6e1-s8hc47,7-ec8a80fdbe-46hzww
7-c0b399b1e1-nqn9w2,/ia/humboldt/humboldt-ia-service-extension/,,,,,7-f29a8adafd-bgvqz8,,,402818763d5b8722013d5c13510213c8,,"Humboldt, IA: Service Extension",,7-88e8a8c4ce-mjl8hp,,,7-ecabd4c29d-n0vd16,7-ec8a80fdbe-46hzww
7-86e2f8d2d0-v6jrhd,/ia/denison/denison-ia-service-extension/,,,,,7-f29a8adafd-bgvqz8,,,402818763d5b8722013d5c107ae5137a,,"Denison, IA: Service Extension",,7-88e8a8c4ce-mjl8hp,,,7-ecabd4c29d-n0vd16,7-ec8a80fdbe-46hzww
7-9cfccdbcbf-320f60,/in/crawfordsville/montgomery-county-service-extension/,,,,,7-e4a1c59bd4-02km0q,,,402818763d5b8722013d5c0fb2911365,,Montgomery County Service Extension,,7-88e8a8c4ce-mjl8hp,,,7-f0d4b4e1bc-b7wkz8,7-ec8a80fdbe-46hzww
7-ace2ecedae-vl46mb,/ne/nebraska-city/nebraska-city-ne-service-extension/,,,,,7-f29a8adafd-bgvqz8,,,402818763d5b8722013d5c0e4f40134d,,"Nebraska City, NE: Service Extension",,7-88e8a8c4ce-mjl8hp,,,7-d088aaa6e1-s8hc47,7-ec8a80fdbe-46hzww
7-96909b819e-k0rj1f,/ia/northwood/northwood-ia-service-extension/,,,,,7-f29a8adafd-bgvqz8,,,402818763d5b8722013d5bf270ca1164,,"Northwood, IA: Service Extension",,7-88e8a8c4ce-mjl8hp,,,7-ecabd4c29d-n0vd16,7-ec8a80fdbe-46hzww
7-deb6a5d88c-c22dk4,/ia/forest-city/forest-city-ia-service-extension/,,,,,7-f29a8adafd-bgvqz8,,,402818763d5b8722013d5bf1c5861152,,"Forest City, IA: Service Extension",,7-88e8a8c4ce-mjl8hp,,,7-ecabd4c29d-n0vd16,7-ec8a80fdbe-46hzww
7-dccfc98cfc-z8t7xp,/sd/vermillion/vermillion-sd-service-extension/,,,,,7-f29a8adafd-bgvqz8,,,402818763d5b8722013d5beb651a10b9,,"Vermillion, SD: Service Extension",,7-88e8a8c4ce-mjl8hp,,,7-e6dababde7-b5mdhc,7-ec8a80fdbe-46hzww
7-b8af8eb6eb-mr6n0m,/ne/chappell/chappell-ne-service-extension/,,,,,7-f29a8adafd-bgvqz8,,,402818763d5b8722013d5be5e88b1047,,"Chappell, NE: Service Extension",,7-88e8a8c4ce-mjl8hp,,,7-d088aaa6e1-s8hc47,7-ec8a80fdbe-46hzww
7-8887af81db-mc7151,/in/mooresville/morgan-county-service-extension-mooresville/,,,,,7-e4a1c59bd4-02km0q,,,402818763d5b8722013d5bdd482a0f06,,Morgan County Service Extension - Mooresville,,7-88e8a8c4ce-mjl8hp,,,7-f0d4b4e1bc-b7wkz8,7-ec8a80fdbe-46hzww
7-f694e9b1ca-jz2xrb,/ia/emmetsburg/emmetsburg-ia-service-extension/,,,,,7-f29a8adafd-bgvqz8,,,402818763d5b8722013d5bd347920d86,,"Emmetsburg, IA: Service Extension",,7-88e8a8c4ce-mjl8hp,,,7-ecabd4c29d-n0vd16,7-ec8a80fdbe-46hzww
7-d6cbdcd1b9-7kmq4d,/ia/sidney/mills-county-ia-service-extension/,,,,,7-f29a8adafd-bgvqz8,,,402818763d5b8722013d5bc7ea350c12,,"Mills County, IA: Service Extension",,7-88e8a8c4ce-mjl8hp,,,7-ecabd4c29d-n0vd16,7-ec8a80fdbe-46hzww
7-a8a9f4fca8-tllgwn,/ia/red-oak/red-oak-ia-service-extension/,,,,,7-f29a8adafd-bgvqz8,,,402818763d5b8722013d5bc17f530b61,,"Red Oak, IA: Service Extension",,7-88e8a8c4ce-mjl8hp,,,7-ecabd4c29d-n0vd16,7-ec8a80fdbe-46hzww
7-e492df9598-w2bhh2,/ne/alma/alma-ne-service-extension/,,,,,7-f29a8adafd-bgvqz8,,,402818763d5b8722013d5bc03c050b34,,"Alma, NE: Service Extension",,7-88e8a8c4ce-mjl8hp,,,7-d088aaa6e1-s8hc47,7-ec8a80fdbe-46hzww
7-ccb4f0bd87-80kccz,/ia/st-ansgar/manley-ia-service-extension/,,,,,7-f29a8adafd-bgvqz8,,,402818763d5b8722013d5bb6179609c9,,"Manley, IA: Service Extension",,7-88e8a8c4ce-mjl8hp,,,7-ecabd4c29d-n0vd16,7-ec8a80fdbe-46hzww
7-ca809c90f7-3l4sjh,/sd/clear-lake/clear-lake-sd-service-extension/,,,,,7-f29a8adafd-bgvqz8,,,402818763d5b8722013d5bb6016e09c6,,"Clear Lake, SD: Service Extension",,7-88e8a8c4ce-mjl8hp,,,7-e6dababde7-b5mdhc,7-ec8a80fdbe-46hzww
7-caa9d587e6-hsdg7b,/ia/spirit-lake/spirit-lake-ia-service-extension/,,,,,7-f29a8adafd-bgvqz8,,,402818763d5b8722013d5bb5ead909c3,,"Spirit Lake, IA: Service Extension",,7-88e8a8c4ce-mjl8hp,,,7-ecabd4c29d-n0vd16,7-ec8a80fdbe-46hzww
7-88b7e68ad5-jq5flt,/ia/montezuma/montezuma-ia-service-extension/,,,,,7-f29a8adafd-bgvqz8,,,402818763d5b8722013d5bb5b6a909bd,,"Montezuma, IA: Service Extension",,7-88e8a8c4ce-mjl8hp,,,7-ecabd4c29d-n0vd16,7-ec8a80fdbe-46hzww
7-86b796b5c4-c9djhk,/ia/onawa/onawa-ia-service-extension/,,,,,7-f29a8adafd-bgvqz8,,,402818763d5b8722013d5bb5a3bd09ba,,"Onawa, IA: Service Extension",,7-88e8a8c4ce-mjl8hp,,,7-ecabd4c29d-n0vd16,7-ec8a80fdbe-46hzww
7-86cd97c7b3-hhw53x,/ia/harlan/shelby-county-ia-service-extension/,,,,,7-f29a8adafd-bgvqz8,,,402818763d5b8722013d5bb583b209b4,,"Shelby County, IA: Service Extension",,7-88e8a8c4ce-mjl8hp,,,7-ecabd4c29d-n0vd16,7-ec8a80fdbe-46hzww
7-bac6bd92a3-phjtrp,/ia/hawarden/hawarden-ia-service-extension/,,,,,7-f29a8adafd-bgvqz8,,,402818763d5b8722013d5bb56ec309b1,,"Hawarden, IA: Service Extension",,7-88e8a8c4ce-mjl8hp,,,7-ecabd4c29d-n0vd16,7-ec8a80fdbe-46hzww
7-bed3c1b792-sz30ks,/ia/oskaloosa/oskaloosa-ia-service-extension/,,,,,7-f29a8adafd-bgvqz8,,,402818763d5b8722013d5bb55cc209ae,,"Oskaloosa, IA: Service Extension",,7-88e8a8c4ce-mjl8hp,,,7-ecabd4c29d-n0vd16,7-ec8a80fdbe-46hzww
7-fcf184a681-csbdft,/ia/logan/logan-ia-service-extension/,,,,,7-f29a8adafd-bgvqz8,,,402818763d5b8722013d5bb52d5509a5,,"Logan, IA: Service Extension",,7-88e8a8c4ce-mjl8hp,,,7-ecabd4c29d-n0vd16,7-ec8a80fdbe-46hzww
7-8cd1a0f8df-b8lkz7,/ia/creston/creston-ia-service-extension/,,,,,7-f29a8adafd-bgvqz8,,,402818763d5b8722013d5bb50e34099f,,"Creston, IA: Service Extension",,7-88e8a8c4ce-mjl8hp,,,7-ecabd4c29d-n0vd16,7-ec8a80fdbe-46hzww
7-eaa2c39dcf-vbsggr,/ia/hampton/hampton-ia-service-extension/,,,,,7-f29a8adafd-bgvqz8,,,402818763d5b8722013d5bb4eec50999,,"Hampton, IA: Service Extension",,7-88e8a8c4ce-mjl8hp,,,7-ecabd4c29d-n0vd16,7-ec8a80fdbe-46hzww
7-f8d3909cbe-whvhsf,/ia/coon-rapids/coon-rapids-ia-service-extension/,,,,,7-f29a8adafd-bgvqz8,,,402818763d5b8722013d5bb4de2b0996,,"Coon Rapids, IA: Service Extension",,7-88e8a8c4ce-mjl8hp,,,7-ecabd4c29d-n0vd16,7-ec8a80fdbe-46hzww
7-a4ceeda2ad-d6jwng,/ia/storm-lake/storm-lake-ia-service-extension/,,,,,7-f29a8adafd-bgvqz8,,,402818763d5b8722013d5bb4ca940993,,"Storm Lake, IA: Service Extension",,7-88e8a8c4ce-mjl8hp,,,7-ecabd4c29d-n0vd16,7-ec8a80fdbe-46hzww
7-928285dc9b-t802gw,/ia/missouri-valley/missouri-valley-ia-service-extension/,,,,,7-f29a8adafd-bgvqz8,,,402818763d5b8722013d5bb4a393098d,,"Missouri Valley, IA: Service Extension",,7-88e8a8c4ce-mjl8hp,,,7-ecabd4c29d-n0vd16,7-ec8a80fdbe-46hzww
7-c8f28cf88a-6hn9bh,/ia/orange-city/orange-city-ia-service-extension/,,,,,7-f29a8adafd-bgvqz8,,,402818763d5b8722013d5bb492f9098a,,"Orange City, IA: Service Extension",,7-88e8a8c4ce-mjl8hp,,,7-ecabd4c29d-n0vd16,7-ec8a80fdbe-46hzww
7-acd0e08ffa-9h777p,/ia/ida-grove/ida-grove-ia-service-extension/,,,,,7-f29a8adafd-bgvqz8,,,402818763d5b8722013d5bb471b60984,,"Ida Grove, IA: Service Extension",,7-88e8a8c4ce-mjl8hp,,,7-ecabd4c29d-n0vd16,7-ec8a80fdbe-46hzww
7-c485e09be9-8l36wl,/ia/grundy-center/grundy-county-ia-service-extension/,,,,,7-f29a8adafd-bgvqz8,,,402818763d5b8722013d5bb460510981,,"Grundy County, IA: Service Extension",,7-88e8a8c4ce-mjl8hp,,,7-ecabd4c29d-n0vd16,7-ec8a80fdbe-46hzww
7-a4939ed0d8-dbqhbv,/ia/webster-city/hamilton-county-ia-service-extension/,,,,,7-f29a8adafd-bgvqz8,,,402818763d5b8722013d5bb449ac097e,,"Hamilton County, IA: Service Extension",,7-88e8a8c4ce-mjl8hp,,,7-ecabd4c29d-n0vd16,7-ec8a80fdbe-46hzww
7-8ad5cfa6c8-0r2rh4,/ia/shenandoah/shenandoah-ia-service-extension/,,,,,7-f29a8adafd-bgvqz8,,,402818763d5b8722013d5bb41e75097b,,"Shenandoah, IA: Service Extension",,7-88e8a8c4ce-mjl8hp,,,7-ecabd4c29d-n0vd16,7-ec8a80fdbe-46hzww
7-968998cbb7-9f2dwg,/ia/indianola/indianola-ia-service-extension/,,,,,7-f29a8adafd-bgvqz8,,,402818763d5b8722013d5bb4083e0978,,"Indianola, IA: Service Extension",,7-88e8a8c4ce-mjl8hp,,,7-ecabd4c29d-n0vd16,7-ec8a80fdbe-46hzww
7-eaede2cda6-qblflr,/ne/scottsbluff/scotts-bluff-county-ne-service-extension/,,,,,7-f29a8adafd-bgvqz8,,,402818763d5b8722013d5bb3f6d90975,,"Scotts Bluff County, NE: Service Extension",,7-88e8a8c4ce-mjl8hp,,,7-d088aaa6e1-s8hc47,7-ec8a80fdbe-46hzww
7-dab2e4eb95-rsvbj5,/ia/eldora/eldora-ia-service-extension/,,,,,7-f29a8adafd-bgvqz8,,,402818763d5b8722013d5bb3db420972,,"Eldora, IA: Service Extension",,7-88e8a8c4ce-mjl8hp,,,7-ecabd4c29d-n0vd16,7-ec8a80fdbe-46hzww
7-9290a6bc85-gf6169,/ia/albia/albia-ia-service-extension/,,,,,7-f29a8adafd-bgvqz8,,,402818763d5b8722013d5bb3a4b1096c,,"Albia, IA: Service Extension",,7-88e8a8c4ce-mjl8hp,,,7-ecabd4c29d-n0vd16,7-ec8a80fdbe-46hzww
7-8cc89ee0f4-ldjgqq,/ne/tecumseh/tecumseh-ne-service-extension/,,,,,7-f29a8adafd-bgvqz8,,,402818763d5b8722013d5bb37c780966,,"Tecumseh, NE: Service Extension",,7-88e8a8c4ce-mjl8hp,,,7-d088aaa6e1-s8hc47,7-ec8a80fdbe-46hzww
7-d8d1f0b3df-mb7nhf,/ne/plattsmouth/plattsmouth-ne-service-extension/,,,,,7-f29a8adafd-bgvqz8,,,402818763d5b8722013d5bb367790963,,"Plattsmouth, NE: Service Extension",,7-88e8a8c4ce-mjl8hp,,,7-d088aaa6e1-s8hc47,7-ec8a80fdbe-46hzww
7-d8c1b3c8ce-rzqcx7,/ne/david-city/david-city-ne-service-extension/,,,,,7-f29a8adafd-bgvqz8,,,402818763d5b8722013d5bb353360960,,"David City, NE: Service Extension",,7-88e8a8c4ce-mjl8hp,,,7-d088aaa6e1-s8hc47,7-ec8a80fdbe-46hzww
7-b6e5faf2bd-f0cw07,/ne/alliance/alliance-ne-service-extension/,,,,,7-f29a8adafd-bgvqz8,,,402818763d5b8722013d5bb32b5b095a,,"Alliance, NE: Service Extension",,7-88e8a8c4ce-mjl8hp,,,7-d088aaa6e1-s8hc47,7-ec8a80fdbe-46hzww
7-86a680f5ac-w52tsp,/ne/york/york-ne-service-extension/,,,,,7-f29a8adafd-bgvqz8,,,402818763d5b8722013d5bb317a40957,,"York, NE: Service Extension",,7-88e8a8c4ce-mjl8hp,,,7-d088aaa6e1-s8hc47,7-ec8a80fdbe-46hzww
7-c6c4f8989b-vln5db,/ne/west-point/west-point-ne-service-extension/,,,,,7-f29a8adafd-bgvqz8,,,402818763d5b8722013d5bb303220954,,"West Point, NE: Service Extension",,7-88e8a8c4ce-mjl8hp,,,7-d088aaa6e1-s8hc47,7-ec8a80fdbe-46hzww
7-def1958d8b-9c06pm,/sd/murdo/murdo-sd-service-extension/,,,,,7-f29a8adafd-bgvqz8,,,402818763d5b8722013d5bb2ebf00951,,"Murdo, SD: Service Extension",,7-88e8a8c4ce-mjl8hp,,,7-e6dababde7-b5mdhc,7-ec8a80fdbe-46hzww
7-e08dd2fbfa-07t74w,/sd/beresford/beresford-sd-service-extension/,,,,,7-f29a8adafd-bgvqz8,,,402818763d5b8722013d5bb2d646094e,,"Beresford, SD: Service Extension",,7-88e8a8c4ce-mjl8hp,,,7-e6dababde7-b5mdhc,7-ec8a80fdbe-46hzww
7-a2b197d3ea-dj34zw,/sd/mobridge/mobridge-sd-service-extension/,,,,,7-f29a8adafd-bgvqz8,,,402818763d5b8722013d5bb2aa820948,,"Mobridge, SD: Service Extension",,7-88e8a8c4ce-mjl8hp,,,7-e6dababde7-b5mdhc,7-ec8a80fdbe-46hzww
7-a4b1fcc8da-bctpsg,/ia/belmond/belmond-ia-service-extension/,,,,,7-f29a8adafd-bgvqz8,,,402818763d5b8722013d5bb2818e0942,,"Belmond, IA: Service Extension",,7-88e8a8c4ce-mjl8hp,,,7-ecabd4c29d-n0vd16,7-ec8a80fdbe-46hzww
7-f6afcaa6ca-zvcgrg,/ia/clarion/clarion-ia-service-extension/,,,,,7-f29a8adafd-bgvqz8,,,402818763d5b8722013d5bb26de7093f,,"Clarion, IA: Service Extension",,7-88e8a8c4ce-mjl8hp,,,7-ecabd4c29d-n0vd16,7-ec8a80fdbe-46hzww
7-ccc1c79fba-lc8vl1,/sd/chamberlain/chamberlain-ia-service-extension/,,,,,7-f29a8adafd-bgvqz8,,,402818763d5b8722013d5bb25d3d093c,,"Chamberlain, IA: Service Extension",,7-88e8a8c4ce-mjl8hp,,,7-e6dababde7-b5mdhc,7-ec8a80fdbe-46hzww
7-ec98d3a4aa-gh4bzj,/ia/atlantic/cass-county-ia-service-extension/,,,,,7-f29a8adafd-bgvqz8,,,402818763d5b8722013d5bb238cd0936,,"Cass County, IA: Service Extension",,7-88e8a8c4ce-mjl8hp,,,7-ecabd4c29d-n0vd16,7-ec8a80fdbe-46hzww
7-92a1a9c8a0-5mkggn,/sd/britton/britton-sd-service-extension/,,,,,7-f29a8adafd-bgvqz8,,,402818763d5b8722013d5bb2294c0933,,"Britton, SD: Service Extension",,7-88e8a8c4ce-mjl8hp,,,7-e6dababde7-b5mdhc,7-ec8a80fdbe-46hzww
7-d0dec79790-mw83z5,/ne/auburn/auburn-ne-service-extension/,,,,,7-f29a8adafd-bgvqz8,,,402818763d5b8722013d5bb215670930,,"Auburn, NE: Service Extension",,7-88e8a8c4ce-mjl8hp,,,7-d088aaa6e1-s8hc47,7-ec8a80fdbe-46hzww
7-cef9dbfeff-xtq0wj,/ne/central-city/central-city-ne-service-extension/,,,,,7-f29a8adafd-bgvqz8,,,402818763d5b8722013d5bb1ff3f092d,,"Central City, NE: Service Extension",,7-88e8a8c4ce-mjl8hp,,,7-d088aaa6e1-s8hc47,7-ec8a80fdbe-46hzww
7-86ef8490f0-27h88v,/ne/laurel/laurel-ne-service-extension/,,,,,7-f29a8adafd-bgvqz8,,,402818763d5b8722013d5bb1cce40927,,"Laurel, NE: Service Extension",,7-88e8a8c4ce-mjl8hp,,,7-d088aaa6e1-s8hc47,7-ec8a80fdbe-46hzww
7-908a95b8df-gt9nvf,/ia/carroll/carroll-ia-service-extension/,,,,,7-f29a8adafd-bgvqz8,,,402818763d5b8722013d5bb1bad30924,,"Carroll, IA: Service Extension",,7-88e8a8c4ce-mjl8hp,,,7-ecabd4c29d-n0vd16,7-ec8a80fdbe-46hzww
7-8ce2d29fcf-01l8mw,/sd/winner/winner-sd-service-extension/,,,,,7-f29a8adafd-bgvqz8,,,402818763d5b8722013d5bb1947f091e,,"Winner, SD: Service Extension",,7-88e8a8c4ce-mjl8hp,,,7-e6dababde7-b5mdhc,7-ec8a80fdbe-46hzww
7-cee38be3be-4k9zxl,/ne/chadron/chadron-ne-service-extension/,,,,,7-f29a8adafd-bgvqz8,,,402818763d5b8722013d5bb17cff091b,,"Chadron, NE: Service Extension",,7-88e8a8c4ce-mjl8hp,,,7-d088aaa6e1-s8hc47,7-ec8a80fdbe-46hzww
7-f2f289e2ae-30bkz0,/ne/mccook/mccook-ne-service-extension/,,,,,7-f29a8adafd-bgvqz8,,,402818763d5b8722013d5bb16b3c0918,,"McCook, NE: Service Extension",,7-88e8a8c4ce-mjl8hp,,,7-d088aaa6e1-s8hc47,7-ec8a80fdbe-46hzww
7-eaa3fdea9c-kmwdwt,/ia/charles-city/charles-city-ia-service-extension/,,,,,7-f29a8adafd-bgvqz8,,,402818763d5b8722013d5bb15a250915,,"Charles City, IA: Service Extension",,7-88e8a8c4ce-mjl8hp,,,7-ecabd4c29d-n0vd16,7-ec8a80fdbe-46hzww
7-caa18be18c-xpqjwf,/ne/pawnee-city/pawnee-city-ne-service-extension/,,,,,7-f29a8adafd-bgvqz8,,,402818763d5b8722013d5bb1465f0912,,"Pawnee City, NE: Service Extension",,7-88e8a8c4ce-mjl8hp,,,7-d088aaa6e1-s8hc47,7-ec8a80fdbe-46hzww
7-bc8bcbd6fc-wll8f6,/ne/holdrege/holdredge-ne-service-extension/,,,,,7-f29a8adafd-bgvqz8,,,402818763d5b8722013d5bb13596090f,,"Holdredge, NE: Service Extension",,7-88e8a8c4ce-mjl8hp,,,7-d088aaa6e1-s8hc47,7-ec8a80fdbe-46hzww
7-94a3c7f0ec-qv0bdp,/ne/wayne/wayne-ne-service-extension/,,,,,7-f29a8adafd-bgvqz8,,,402818763d5b8722013d5bb12317090c,,"Wayne, NE: Service Extension",,7-88e8a8c4ce-mjl8hp,,,7-d088aaa6e1-s8hc47,7-ec8a80fdbe-46hzww
7-c6d5f0c6dc-91hf68,/ne/aurora/aurora-ne-service-extension/,,,,,7-f29a8adafd-bgvqz8,,,402818763d5b8722013d5bb110a90909,,"Aurora, NE: Service Extension",,7-88e8a8c4ce-mjl8hp,,,7-d088aaa6e1-s8hc47,7-ec8a80fdbe-46hzww
7-dea6dadbcc-g8rnpj,/ne/burwell/burwell-ne-service-extension/,,,,,7-f29a8adafd-bgvqz8,,,402818763d5b8722013d5bb0fd010906,,"Burwell, NE: Service Extension",,7-88e8a8c4ce-mjl8hp,,,7-d088aaa6e1-s8hc47,7-ec8a80fdbe-46hzww
7-908fcec5bc-0bkf4t,/ia/audubon/audubon-ia-service-extension/,,,,,7-f29a8adafd-bgvqz8,,,402818763d5b8722013d5bb0e8cd0903,,"Audubon, IA: Service Extension ",,7-88e8a8c4ce-mjl8hp,,,7-ecabd4c29d-n0vd16,7-ec8a80fdbe-46hzww
7-f6c4c0d6ac-fmqg2d,/ia/clarinda/clarinda-ia-service-extension/,,,,,7-f29a8adafd-bgvqz8,,,402818763d5b8722013d5bb0d7780900,,"Clarinda, IA: Service Extension",,7-88e8a8c4ce-mjl8hp,,,7-ecabd4c29d-n0vd16,7-ec8a80fdbe-46hzww
7-b289dcf19c-brwbfz,/ne/blair/blair-ne-service-extension/,,,,,7-f29a8adafd-bgvqz8,,,402818763d5b8722013d5bb0c56708fd,,"Blair, NE: Service Extension",,7-88e8a8c4ce-mjl8hp,,,7-d088aaa6e1-s8hc47,7-ec8a80fdbe-46hzww
7-d0e8eddf8c-mz7r9f,/ne/schuyler/schuyler-ne-service-extension/,,,,,7-f29a8adafd-bgvqz8,,,402818763d5b8722013d5bb076f908f4,,"Schuyler, NE: Service Extension",,7-88e8a8c4ce-mjl8hp,,,7-d088aaa6e1-s8hc47,7-ec8a80fdbe-46hzww
7-9ea9edeefc-d5qkq6,/ne/o-neill/holt-county-ne-service-extension/,,,,,7-f29a8adafd-bgvqz8,,,402818763d5b8722013d5bb061ea08f1,,"Holt County, NE: Service Extension",,7-88e8a8c4ce-mjl8hp,,,7-d088aaa6e1-s8hc47,7-ec8a80fdbe-46hzww
7-8ef7f685ed-30lfvd,/ne/fairbury/fairbury-ne-service-extension/,,,,,7-f29a8adafd-bgvqz8,,,402818763d5b8722013d5bb03b0908eb,,"Fairbury, NE: Service Extension",,7-88e8a8c4ce-mjl8hp,,,7-d088aaa6e1-s8hc47,7-ec8a80fdbe-46hzww
7-a48fd5f4dc-1j52b9,/ne/broken-bow/broken-bow-ne-service-extension/,,,,,7-f29a8adafd-bgvqz8,,,402818763d5b8722013d5bb0256e08e8,,"Broken Bow, NE: Service Extension",,7-88e8a8c4ce-mjl8hp,,,7-d088aaa6e1-s8hc47,7-ec8a80fdbe-46hzww
7-e6e5b799cd-1dddc0,/ne/seward/seward-ne-service-extension/,,,,,7-f29a8adafd-bgvqz8,,,402818763d5b8722013d5bb0159f08e5,,"Seward, NE: Service Extension",,7-88e8a8c4ce-mjl8hp,,,7-d088aaa6e1-s8hc47,7-ec8a80fdbe-46hzww
7-f6a2be88bd-b82m48,/ne/wahoo/wahoo-ne-service-extension/,,,,,7-f29a8adafd-bgvqz8,,,402818763d5b8722013d5bb001c908e2,,"Wahoo, NE: Service Extension",,7-88e8a8c4ce-mjl8hp,,,7-d088aaa6e1-s8hc47,7-ec8a80fdbe-46hzww
7-cacfceb2ad-19499q,/sd/redfield/redfield-sd-service-extension/,,,,,7-f29a8adafd-bgvqz8,,,402818763d5b8722013d5baff43c08df,,"Redfield, SD: Service Extension",,7-88e8a8c4ce-mjl8hp,,,7-e6dababde7-b5mdhc,7-ec8a80fdbe-46hzww
7-9caf81d59d-jckcj7,/ne/gothenburg/gothenburg-ne-service-extension/,,,,,7-f29a8adafd-bgvqz8,,,402818763d5b8722013d5bafec9b08dc,,"Gothenburg, NE: Service Extension",,7-88e8a8c4ce-mjl8hp,,,7-d088aaa6e1-s8hc47,7-ec8a80fdbe-46hzww
7-88fef6e58d-s8ws48,/ne/valentine/valentine-ne-service-extension/,,,,,7-f29a8adafd-bgvqz8,,,402818763d5b8722013d5bafe0b408d9,,"Valentine, NE: Service Extension",,7-88e8a8c4ce-mjl8hp,,,7-d088aaa6e1-s8hc47,7-ec8a80fdbe-46hzww
7-d2e5eceefd-n63lg6,/ne/ogallala/ogallala-ne-service-extension/,,,,,7-f29a8adafd-bgvqz8,,,402818763d5b8722013d5bafca7d08d3,,"Ogallala, NE: Service Extension",,7-88e8a8c4ce-mjl8hp,,,7-d088aaa6e1-s8hc47,7-ec8a80fdbe-46hzww
7-a2c38c8eee-2vdjrf,/ne/kimball/kimball-ne-service-extension/,,,,,7-f29a8adafd-bgvqz8,,,402818763d5b8722013d5bafbbc708d0,,"Kimball, NE: Service Extension",,7-88e8a8c4ce-mjl8hp,,,7-d088aaa6e1-s8hc47,7-ec8a80fdbe-46hzww
7-e8f3e683de-t63d90,/sd/lake-andes/lake-andes-sd-service-extension/,,,,,7-f29a8adafd-bgvqz8,,,402818763d5b8722013d5bafa1a708ca,,"Lake Andes, SD: Service Extension",,7-88e8a8c4ce-mjl8hp,,,7-e6dababde7-b5mdhc,7-ec8a80fdbe-46hzww
7-e0ebbef5cd-ttzgdv,/sd/yankton/yankton-sd-service-extension/,,,,,7-f29a8adafd-bgvqz8,,,402818763d5b8722013d5baf994b08c7,,"Yankton, SD: Service Extension",,7-88e8a8c4ce-mjl8hp,,,7-e6dababde7-b5mdhc,7-ec8a80fdbe-46hzww
7-aa82d5d4bd-9kkb0j,/sd/pierre/pierre-sd-service-extension/,,,,,7-f29a8adafd-bgvqz8,,,402818763d5b8722013d5baf8f0a08c4,,"Pierre, SD: Service Extension",,7-88e8a8c4ce-mjl8hp,,,7-e6dababde7-b5mdhc,7-ec8a80fdbe-46hzww
7-8c9f93a5ad-758qn1,/ia/cherokee/cherokee-ia-service-extension/,,,,,7-f29a8adafd-bgvqz8,,,402818763d5b8722013d5baf85f208c1,,"Cherokee, IA: Service Extension",,7-88e8a8c4ce-mjl8hp,,,7-ecabd4c29d-n0vd16,7-ec8a80fdbe-46hzww
7-deaff9aa9d-31q00b,/sd/madison/madison-sd-service-extension/,,,,,7-f29a8adafd-bgvqz8,,,402818763d5b8722013d5baf757708be,,"Madison, SD: Service Extension",,7-88e8a8c4ce-mjl8hp,,,7-e6dababde7-b5mdhc,7-ec8a80fdbe-46hzww
7-a0b7f0b08d-32vnn7,/sd/milbank/milbank-sd-service-extension/,,,,,7-f29a8adafd-bgvqz8,,,402818763d5b8722013d5baf692308bb,,"Milbank, SD: Service Extension",,7-88e8a8c4ce-mjl8hp,,,7-e6dababde7-b5mdhc,7-ec8a80fdbe-46hzww
7-9ef8f092fd-vqhs3s,/ne/ainsworth/ainsworth-ne-service-extension/,,,,,7-f29a8adafd-bgvqz8,,,402818763d5b8722013d5baf289f08a9,,"Ainsworth, NE: Service Extension",,7-88e8a8c4ce-mjl8hp,,,7-d088aaa6e1-s8hc47,7-ec8a80fdbe-46hzww
7-b6e48da3ed-zh7bts,/in/culver/marshall-county-service-extension-culver/,,,,,7-e4a1c59bd4-02km0q,,,402818763d5b8722013d5b9dc6fa0573,,Marshall County Service Extension - Culver,,7-88e8a8c4ce-mjl8hp,,,7-f0d4b4e1bc-b7wkz8,7-ec8a80fdbe-46hzww
7-ec9c91a6dd-6dg9ql,/in/covington/fountain-county-service-extension/,,,,,7-e4a1c59bd4-02km0q,,,402818763d5b8722013d5b9db7a80570,,Fountain County Service Extension,,7-88e8a8c4ce-mjl8hp,,,7-f0d4b4e1bc-b7wkz8,7-ec8a80fdbe-46hzww
7-b09ce1fdcc-43xsr5,/in/martinsville/morgan-county-service-extension-martinsville/,,,,,7-e4a1c59bd4-02km0q,,,402818763d5b8722013d5b9da75c056d,,Morgan County Service Extension - Martinsville,,7-88e8a8c4ce-mjl8hp,,,7-f0d4b4e1bc-b7wkz8,7-ec8a80fdbe-46hzww
7-b6a3daebbc-lsw014,/in/portland/jay-county-service-extension/,,,,,7-e4a1c59bd4-02km0q,,,402818763d5b8722013d5b9d89d10567,,Jay County Service Extension,,7-88e8a8c4ce-mjl8hp,,,7-f0d4b4e1bc-b7wkz8,7-ec8a80fdbe-46hzww
7-b4abae81ad-v9vlrz,/in/bremen/marshall-county-service-extension-bremen/,,,,,7-e4a1c59bd4-02km0q,,,402818763d5b8722013d5b9d6aff0561,,Marshall County Service Extension - Bremen,,7-88e8a8c4ce-mjl8hp,,,7-f0d4b4e1bc-b7wkz8,7-ec8a80fdbe-46hzww
7-e0ed83d49c-jvzhsw,/in/kendallville/noble-county-service-extensionkendallville/,,,,,7-e4a1c59bd4-02km0q,,,402818763d5b8722013d5b9d5beb055e,,Noble County Service Extension-Kendallville,,7-88e8a8c4ce-mjl8hp,,,7-f0d4b4e1bc-b7wkz8,7-ec8a80fdbe-46hzww
7-babc80b58c-vnkwks,/in/aurora/dearborn-county-service-extension/,,,,,7-e4a1c59bd4-02km0q,,,402818763d5b8722013d5b9d1676054f,,Dearborn County Service Extension,,7-88e8a8c4ce-mjl8hp,,,7-f0d4b4e1bc-b7wkz8,7-ec8a80fdbe-46hzww
7-92bea0acfc-38597l,/in/loogootee/martin-county-service-extension/,,,,,7-e4a1c59bd4-02km0q,,,402818763d5b8722013d5b9d08da054c,,Martin County Service Extension,,7-88e8a8c4ce-mjl8hp,,,7-f0d4b4e1bc-b7wkz8,7-ec8a80fdbe-46hzww
7-90f9c2f2eb-g4xtrc,/in/kentland/newton-county-service-extension-kentland/,,,,,7-e4a1c59bd4-02km0q,,,402818763d5b8722013d5b9cf34e0549,,Newton County Service Extension - Kentland,,7-88e8a8c4ce-mjl8hp,,,7-f0d4b4e1bc-b7wkz8,7-ec8a80fdbe-46hzww
7-d6c58ce1db-7jvcs9,/in/north-vernon/jennings-service-extension/,,,,,7-e4a1c59bd4-02km0q,,,402818763d5b8722013d5b9ce5540546,,Jennings Service Extension,,7-88e8a8c4ce-mjl8hp,,,7-f0d4b4e1bc-b7wkz8,7-ec8a80fdbe-46hzww
7-aaf4d1d2cb-6dbm5l,/in/walkerton/marshall-county-service-extension-walkerton/,,,,,7-e4a1c59bd4-02km0q,,,402818763d5b8722013d5b9cd6be0543,,Marshall County Service Extension - Walkerton ,,7-88e8a8c4ce-mjl8hp,,,7-f0d4b4e1bc-b7wkz8,7-ec8a80fdbe-46hzww
7-ea84ccb0bb-09szk5,/in/rushville/rush-county-service-extension/,,,,,7-e4a1c59bd4-02km0q,,,402818763d5b8722013d5b9ca1080537,,Rush County Service Extension,,7-88e8a8c4ce-mjl8hp,,,7-f0d4b4e1bc-b7wkz8,7-ec8a80fdbe-46hzww
7-e4d386abab-mmpljq,/in/rockport/spencer-county-service-extension/,,,,,7-e4a1c59bd4-02km0q,,,402818763d5b8722013d5b9c939a0534,,Spencer County Service Extension,,7-88e8a8c4ce-mjl8hp,,,7-f0d4b4e1bc-b7wkz8,7-ec8a80fdbe-46hzww
7-d6e8adf39a-d1lw1z,/in/tell-city/perry-county-service-extension/,,,,,7-e4a1c59bd4-02km0q,,,402818763d5b8722013d5b9c87750531,,Perry County Service Extension,,7-88e8a8c4ce-mjl8hp,,,7-f0d4b4e1bc-b7wkz8,7-ec8a80fdbe-46hzww
7-808889858b-qcms70,/in/mount-vernon/posey-county-service-extension/,,,,,7-e4a1c59bd4-02km0q,,,402818763d5b8722013d5b9c79c9052e,,Posey County Service Extension,,7-88e8a8c4ce-mjl8hp,,,7-f0d4b4e1bc-b7wkz8,7-ec8a80fdbe-46hzww
7-c2f1c1dafa-93wgp3,/in/winchester/randolph-county-service-extensionwinchester/,,,,,7-e4a1c59bd4-02km0q,,,402818763d5b8722013d5b9c571e0525,,Randolph County Service Extension-Winchester,,7-88e8a8c4ce-mjl8hp,,,7-f0d4b4e1bc-b7wkz8,7-ec8a80fdbe-46hzww
7-9edeb7c7ea-bx9mc3,/in/rockville/parke-county-service-extension/,,,,,7-e4a1c59bd4-02km0q,,,402818763d5b8722013d5b9c4a2d0522,,Parke County Service Extension,,7-88e8a8c4ce-mjl8hp,,,7-f0d4b4e1bc-b7wkz8,7-ec8a80fdbe-46hzww
7-96e1afacda-8l2h9r,/in/wabash/wabash-county-service-extension/,,,,,7-e4a1c59bd4-02km0q,,,402818763d5b8722013d5b9c3156051c,,Wabash County Service Extension ,,7-88e8a8c4ce-mjl8hp,,,7-f0d4b4e1bc-b7wkz8,7-ec8a80fdbe-46hzww
7-c8d8e099ca-hkfggk,/in/ossian/wells-county-service-extension/,,,,,7-e4a1c59bd4-02km0q,,,402818763d5b8722013d5b9c13cb0516,,Wells County Service Extension,,7-88e8a8c4ce-mjl8hp,,,7-f0d4b4e1bc-b7wkz8,7-ec8a80fdbe-46hzww
7-e6aefbe1b9-8r5x01,/in/sharpsville/tipton-county-service-extension/,,,,,7-e4a1c59bd4-02km0q,,,402818763d5b8722013d5b9bfaa60510,,Tipton County Service Extension ,,7-88e8a8c4ce-mjl8hp,,,7-f0d4b4e1bc-b7wkz8,7-ec8a80fdbe-46hzww
7-e6daf2c899-2q3n01,/in/lebanon/boone-county-service-extension/,,,,,7-e4a1c59bd4-02km0q,,,402818763d5b8722013d5b99e7470492,,Boone County Service Extension,,7-88e8a8c4ce-mjl8hp,,,7-f0d4b4e1bc-b7wkz8,7-ec8a80fdbe-46hzww
7-b8c8fdc789-vjq3jl,/in/decatur/decatur-county-service-extension/,,,,,7-e4a1c59bd4-02km0q,,,402818763d5b8722013d5b93571a0342,,Decatur County Service Extension ,,7-88e8a8c4ce-mjl8hp,,,7-f0d4b4e1bc-b7wkz8,7-ec8a80fdbe-46hzww
7-caa5bc9180-0lvbvh,/in/huntingburg/dubois-county-service-extension-huntingburg/,,,,,7-e4a1c59bd4-02km0q,,,402818763d5b8722013d5b92cb350321,,Dubois County Service Extension - Huntingburg,,7-88e8a8c4ce-mjl8hp,,,7-f0d4b4e1bc-b7wkz8,7-ec8a80fdbe-46hzww
7-9ae1a5a7ef-lqmtv0,/in/spencer/owen-county-service-extension/,,,,,7-e4a1c59bd4-02km0q,,,402818763d5b8722013d5b9042480258,,Owen County Service Extension,,7-88e8a8c4ce-mjl8hp,,,7-f0d4b4e1bc-b7wkz8,7-ec8a80fdbe-46hzww
7-96d9da94df-881pn5,/in/knox/starke-county-service-extension/,,,,,7-e4a1c59bd4-02km0q,,,402818763d5b8722013d5b8fbac9022e,,Starke County Service Extension,,7-88e8a8c4ce-mjl8hp,,,7-f0d4b4e1bc-b7wkz8,7-ec8a80fdbe-46hzww
7-90dd84fdce-6gjk7h,/in/rensselaer/jasper-county-service-extension/,,,,,7-e4a1c59bd4-02km0q,,,402818763d5b8722013d5b8b93cc00ff,,Jasper County Service Extension,,7-88e8a8c4ce-mjl8hp,,,7-f0d4b4e1bc-b7wkz8,7-ec8a80fdbe-46hzww
7-acd3c9f0bd-96wwd5,/in/noblesville/hamilton-county-service-extension/,,,,,7-e4a1c59bd4-02km0q,,,402818763d5b8722013d5b8ac20500cf,,Hamilton County Service Extension,,7-88e8a8c4ce-mjl8hp,,,7-f0d4b4e1bc-b7wkz8,7-ec8a80fdbe-46hzww
